sdcc_preruntime_min,ascot_runtime_min,cleaning_time_min,total_runtime_min,lost_power_W_output,number_particles,current_drive_A,power_deposited_to_ions_W,power_deposited_to_electrons_W,shine_inj1,shine_inj2,te0,teav,shine_success,success,marker_quantity,index,run_dir,batch_num
17.01,0.29,0.0,17.3,51277.77470052046,7.899863885353935e+19,126844.55218033842,5079922.35541326,5545428.242328641,0.0,0.0,34.849856,11.420744,True,True,1000,6,/scratch/project_2013233/enchanted_plugins/data/ascot_DT-D_CurrentDrive_noise_vs_nmarkers_2/batch_0/ascot_sdcc_workflow_runner-fc8754fb-2fca-470f-81b7-58702563f361,0
21.49,0.74,0.0,22.23,26921.774125777156,7.713978802285409e+19,123563.87168648465,4955746.35236726,5602542.198451841,0.0006,0.0,34.849856,11.420744,True,True,10000,4,/scratch/project_2013233/enchanted_plugins/data/ascot_DT-D_CurrentDrive_noise_vs_nmarkers_2/batch_0/ascot_sdcc_workflow_runner-826e30fc-2936-46da-939b-f5f59ec2d4b1,0
17.69,5.48,0.0,23.17,26532.396165808455,7.719870536062222e+19,122277.55073678262,4964622.404339143,5607809.013052431,0.00028,0.0002,34.849856,11.420744,True,True,100000,8,/scratch/project_2013233/enchanted_plugins/data/ascot_DT-D_CurrentDrive_noise_vs_nmarkers_2/batch_0/ascot_sdcc_workflow_runner-a5a25cfb-279a-4b33-b57b-9e8e3bbb64dd,0
6.78,0.74,0.0,7.51,21794.067785448206,7.754921696139593e+19,123063.19089597721,4986046.222882838,5614336.2821176015,0.0002,0.000999,34.849856,11.420744,True,True,10000,10,/scratch/project_2013233/enchanted_plugins/data/ascot_DT-D_CurrentDrive_noise_vs_nmarkers_2/batch_0/ascot_sdcc_workflow_runner-dc38bf1b-7a1f-4016-8226-65d17d17385f,0
10.47,0.31,0.0,10.78,25635.567126231424,7.723590256772676e+19,122347.82407535585,4948829.731016236,5631778.969440777,0.0,0.0,34.849856,11.420744,True,True,1000,18,/scratch/project_2013233/enchanted_plugins/data/ascot_DT-D_CurrentDrive_noise_vs_nmarkers_2/batch_0/ascot_sdcc_workflow_runner-54d1e151-245c-4110-a3bb-d03a471cfaa4,0
11.34,0.28,0.0,11.61,38460.1545998067,7.729761517214925e+19,120043.06327959057,4971728.419821873,5682376.720444843,0.0,0.0,34.849856,11.420744,True,True,1000,24,/scratch/project_2013233/enchanted_plugins/data/ascot_DT-D_CurrentDrive_noise_vs_nmarkers_2/batch_0/ascot_sdcc_workflow_runner-90e9f719-fbde-4764-94f2-26c6ef2d6e5a,0
11.39,0.72,0.0,12.11,34613.919507411636,7.673134566952169e+19,122185.48615499256,4934327.248192623,5567857.7716346085,0.0,0.0002,34.849856,11.420744,True,True,10000,16,/scratch/project_2013233/enchanted_plugins/data/ascot_DT-D_CurrentDrive_noise_vs_nmarkers_2/batch_0/ascot_sdcc_workflow_runner-5869e6e3-605d-44fc-9655-97ec93e5ed75,0
23.62,5.48,0.0,29.11,28834.581476070176,7.717810629764573e+19,122374.55847762559,4961352.428465031,5607113.115431643,0.00028,0.0002,34.849856,11.420744,True,True,100000,2,/scratch/project_2013233/enchanted_plugins/data/ascot_DT-D_CurrentDrive_noise_vs_nmarkers_2/batch_0/ascot_sdcc_workflow_runner-1ae792ab-61be-41fd-a21b-413d219c3204,0
29.64,0.3,0.0,29.95,0.0,7.957508276424829e+19,126965.91324702722,5102436.187734595,5578622.697641467,0.0,0.0,34.849856,11.420744,True,True,1000,0,/scratch/project_2013233/enchanted_plugins/data/ascot_DT-D_CurrentDrive_noise_vs_nmarkers_2/batch_0/ascot_sdcc_workflow_runner-c18c4fd2-774f-4c62-8185-c53ea5307f26,0
15.59,0.3,0.0,15.89,12817.772434441316,7.727448740865668e+19,123283.61780272533,4951959.61092333,5508070.706472776,0.0,0.0,34.849856,11.420744,True,True,1000,12,/scratch/project_2013233/enchanted_plugins/data/ascot_DT-D_CurrentDrive_noise_vs_nmarkers_2/batch_0/ascot_sdcc_workflow_runner-c4d48066-1391-4870-b39f-4c38484ce3db,0
15.54,0.8,0.0,16.34,33323.84375538351,7.676570760962205e+19,121775.41897024939,4939043.522344823,5574188.013423203,0.0002,0.0002,34.849856,11.420744,True,True,10000,22,/scratch/project_2013233/enchanted_plugins/data/ascot_DT-D_CurrentDrive_noise_vs_nmarkers_2/batch_0/ascot_sdcc_workflow_runner-d02854be-c897-47cb-b635-783e3786127a,0
15.25,0.83,0.0,16.07,37177.6039493998,7.645134309646524e+19,120192.83216542812,4917759.073812418,5587981.050760411,0.0002,0.0002,34.849856,11.420744,True,True,10000,7,/scratch/project_2013233/enchanted_plugins/data/ascot_DT-D_CurrentDrive_noise_vs_nmarkers_2/batch_0/ascot_sdcc_workflow_runner-3859e489-281d-4420-9ad1-7122a9180a6f,0
13.5,0.29,0.0,13.78,25642.04925752854,7.51052051134714e+19,117266.92426632452,4831415.983223898,5735103.156047881,0.0,0.0,34.849856,11.420744,True,True,1000,9,/scratch/project_2013233/enchanted_plugins/data/ascot_DT-D_CurrentDrive_noise_vs_nmarkers_2/batch_0/ascot_sdcc_workflow_runner-ea2dc7ef-4695-4741-8fb2-cb7e5d2ad749,0
9.93,0.74,0.0,10.67,24340.795748362252,7.73905868105974e+19,122264.02558266172,4977372.749882032,5639502.935446006,0.0004,0.0,34.849856,11.420744,True,True,10000,37,/scratch/project_2013233/enchanted_plugins/data/ascot_DT-D_CurrentDrive_noise_vs_nmarkers_2/batch_0/ascot_sdcc_workflow_runner-cd397406-654d-4269-8e52-d4a0327c8b93,0
10.89,0.74,0.0,11.63,28202.64276786515,7.709291290971169e+19,122749.21927771624,4953041.35415929,5655467.95909189,0.0,0.0,34.849856,11.420744,True,True,10000,31,/scratch/project_2013233/enchanted_plugins/data/ascot_DT-D_CurrentDrive_noise_vs_nmarkers_2/batch_0/ascot_sdcc_workflow_runner-d5d90ad3-c54f-42ed-9d0a-8a6e0db8c5a1,0
17.09,5.5,0.0,22.58,32561.72386313596,7.719870685412739e+19,122010.15477070738,4963643.074106066,5606937.115143668,0.00024,0.0002,34.849856,11.420744,True,True,100000,14,/scratch/project_2013233/enchanted_plugins/data/ascot_DT-D_CurrentDrive_noise_vs_nmarkers_2/batch_0/ascot_sdcc_workflow_runner-885ae749-a3d3-437d-b054-a8a9d5d6cea8,0
11.35,5.5,0.0,16.85,26275.71641047886,7.706598438847914e+19,121910.3882314941,4954626.086118768,5595919.172417453,0.00022,0.00018,34.849856,11.420744,True,True,100000,5,/scratch/project_2013233/enchanted_plugins/data/ascot_DT-D_CurrentDrive_noise_vs_nmarkers_2/batch_0/ascot_sdcc_workflow_runner-6cef7edd-5dff-4da7-8dc0-fce8ea1c8005,0
13.1,0.41,0.0,13.5,38466.27113465756,7.798853676181543e+19,124359.84685419295,5006199.561489698,5567620.681410784,0.0,0.0,34.849856,11.420744,True,True,1000,33,/scratch/project_2013233/enchanted_plugins/data/ascot_DT-D_CurrentDrive_noise_vs_nmarkers_2/batch_0/ascot_sdcc_workflow_runner-f0996b67-6a98-46b2-b5f0-0d2c7442dc4f,0
15.52,0.71,0.0,16.23,25639.18176131264,7.724158107167891e+19,123013.86320441903,4961602.0688538905,5587748.940445763,0.0006,0.0,34.849856,11.420744,True,True,10000,19,/scratch/project_2013233/enchanted_plugins/data/ascot_DT-D_CurrentDrive_noise_vs_nmarkers_2/batch_0/ascot_sdcc_workflow_runner-abf2a669-69b8-4e88-ae05-210e5738e760,0
14.55,1.06,0.0,15.61,25640.536774255856,7.720128872967735e+19,121068.3537901088,4969547.850802486,5597475.8491797,0.0,0.0002,34.849856,11.420744,True,True,10000,25,/scratch/project_2013233/enchanted_plugins/data/ascot_DT-D_CurrentDrive_noise_vs_nmarkers_2/batch_0/ascot_sdcc_workflow_runner-8f7fb8bf-2ff1-4f8a-a25d-840397160e48,0
14.55,5.48,0.0,20.04,29095.972421972525,7.704010675601621e+19,121977.75943587966,4954517.016404107,5585441.969207472,0.00016,0.00016,34.849856,11.420744,True,True,100000,11,/scratch/project_2013233/enchanted_plugins/data/ascot_DT-D_CurrentDrive_noise_vs_nmarkers_2/batch_0/ascot_sdcc_workflow_runner-b3a85556-0404-4218-8cea-85a067b28f5b,0
12.5,5.49,0.0,17.99,31016.6930728215,7.702136975096845e+19,121989.39090409857,4951253.282060881,5590149.1192923095,0.00022,0.00012,34.849856,11.420744,True,True,100000,35,/scratch/project_2013233/enchanted_plugins/data/ascot_DT-D_CurrentDrive_noise_vs_nmarkers_2/batch_0/ascot_sdcc_workflow_runner-78901591-1246-484c-9eb7-ec871ef72743,0
12.54,0.72,0.0,13.27,32032.775309887646,7.72832105474526e+19,123111.11389656972,4965356.052277728,5622201.426633849,0.0004,0.0004,34.849856,11.420744,True,True,10000,13,/scratch/project_2013233/enchanted_plugins/data/ascot_DT-D_CurrentDrive_noise_vs_nmarkers_2/batch_0/ascot_sdcc_workflow_runner-695cccfb-604b-41c1-ba8f-e8f8be7c3948,0
16.33,0.27,0.0,16.61,64100.567297577756,7.666747601160525e+19,117660.87751193997,4904465.649138135,5704334.847790436,0.0,0.0,34.849856,11.420744,True,True,1000,3,/scratch/project_2013233/enchanted_plugins/data/ascot_DT-D_CurrentDrive_noise_vs_nmarkers_2/batch_0/ascot_sdcc_workflow_runner-c8029049-8770-4feb-a61b-390970adc569,0
24.54,5.52,0.0,30.06,27174.884515406236,7.714355303870472e+19,122082.24899450639,4959347.571148251,5596483.158146676,0.00036,0.00024,34.849856,11.420744,True,True,100000,20,/scratch/project_2013233/enchanted_plugins/data/ascot_DT-D_CurrentDrive_noise_vs_nmarkers_2/batch_0/ascot_sdcc_workflow_runner-3cbd7d74-a7c0-4adf-a4f0-bf99b5230408,0
17.54,0.81,0.0,18.34,37162.39380394871,7.718837975699074e+19,121753.37285674344,4964942.952662148,5652074.383543585,0.0004,0.0004,34.849856,11.420744,True,True,10000,1,/scratch/project_2013233/enchanted_plugins/data/ascot_DT-D_CurrentDrive_noise_vs_nmarkers_2/batch_0/ascot_sdcc_workflow_runner-7b606e36-14b1-4218-9eb2-a93b490dba55,0
15.59,5.47,0.0,21.06,29611.7908954685,7.715190424772695e+19,122123.24489377611,4958096.860167028,5616893.170127101,0.00026,0.00026,34.849856,11.420744,True,True,100000,17,/scratch/project_2013233/enchanted_plugins/data/ascot_DT-D_CurrentDrive_noise_vs_nmarkers_2/batch_0/ascot_sdcc_workflow_runner-4e70cb7a-6a60-4bf0-8347-7cbcf94915ef,0
11.54,0.81,0.0,12.35,34614.3375268144,7.684614786027509e+19,121458.9369954878,4945923.680392813,5569471.785521631,0.0006,0.0,34.849856,11.420744,True,True,10000,28,/scratch/project_2013233/enchanted_plugins/data/ascot_DT-D_CurrentDrive_noise_vs_nmarkers_2/batch_0/ascot_sdcc_workflow_runner-80aa13f2-e357-4126-ab0d-e62dd3cea5db,0
14.01,5.48,0.0,19.48,30121.816448765978,7.712157665628362e+19,122267.88593484554,4959645.9900119,5581167.852352526,0.0001,0.00026,34.849856,11.420744,True,True,100000,23,/scratch/project_2013233/enchanted_plugins/data/ascot_DT-D_CurrentDrive_noise_vs_nmarkers_2/batch_0/ascot_sdcc_workflow_runner-cd3dc030-c42f-4a99-9cfe-210d3d396e0d,0
14.39,0.27,0.0,14.65,38455.12071513458,7.746364439234973e+19,128886.23985612854,4936578.004946498,5721368.588786399,0.0,0.0,34.849856,11.420744,True,True,1000,27,/scratch/project_2013233/enchanted_plugins/data/ascot_DT-D_CurrentDrive_noise_vs_nmarkers_2/batch_0/ascot_sdcc_workflow_runner-4658e954-bb9a-4cbf-8f6f-d316d90f94e9,0
10.75,0.28,0.0,11.03,0.0,7.532477475749279e+19,118019.32471489804,4848166.543489638,5589797.759063461,0.0,0.0,34.849856,11.420744,True,True,1000,30,/scratch/project_2013233/enchanted_plugins/data/ascot_DT-D_CurrentDrive_noise_vs_nmarkers_2/batch_0/ascot_sdcc_workflow_runner-61422ee5-a05c-4704-91c4-31595f3cbaeb,0
14.07,0.75,0.0,14.83,23075.41239634456,7.696427298434463e+19,121580.02304737005,4949866.303025304,5655201.201730521,0.0002,0.0,34.849856,11.420744,True,True,10000,34,/scratch/project_2013233/enchanted_plugins/data/ascot_DT-D_CurrentDrive_noise_vs_nmarkers_2/batch_0/ascot_sdcc_workflow_runner-6c0c58ee-2fca-4350-bac9-94572ae8e4b7,0
16.62,5.49,0.0,22.12,29224.876698738004,7.699969484717497e+19,122356.74690499324,4951844.8616734985,5589756.867024292,0.00018,0.00022,34.849856,11.420744,True,True,100000,26,/scratch/project_2013233/enchanted_plugins/data/ascot_DT-D_CurrentDrive_noise_vs_nmarkers_2/batch_0/ascot_sdcc_workflow_runner-b30b6d30-b84f-4ac3-8c6b-01d61afc69fa,0
12.69,0.71,0.0,13.4,30768.502386617176,7.762447875359192e+19,123848.41986436663,4986504.906114021,5645786.377147182,0.0,0.0004,34.849856,11.420744,True,True,10000,43,/scratch/project_2013233/enchanted_plugins/data/ascot_DT-D_CurrentDrive_noise_vs_nmarkers_2/batch_0/ascot_sdcc_workflow_runner-e9d5264e-ba8c-41cd-962f-7080f97c8c6a,0
11.98,0.3,0.0,12.28,12821.564410557483,7.919758517556103e+19,128408.16446844322,5068402.100889862,5675208.166479568,0.0,0.0,34.849856,11.420744,True,True,1000,36,/scratch/project_2013233/enchanted_plugins/data/ascot_DT-D_CurrentDrive_noise_vs_nmarkers_2/batch_0/ascot_sdcc_workflow_runner-c4663e5a-7065-4777-8428-5606b17fca26,0
25.3,5.5,0.0,30.8,28071.703617375504,7.71570973834826e+19,122454.76192446779,4958585.483506145,5603803.934499005,0.00026,0.00018,34.849856,11.420744,True,True,100000,41,/scratch/project_2013233/enchanted_plugins/data/ascot_DT-D_CurrentDrive_noise_vs_nmarkers_2/batch_0/ascot_sdcc_workflow_runner-43ee762b-96e0-43cd-b177-0e1c2e107146,0
11.85,0.28,0.0,12.13,25636.482059302823,7.484375805004428e+19,112376.24787656066,4805921.44599674,5663968.594135745,0.0,0.0,34.849856,11.420744,True,True,1000,21,/scratch/project_2013233/enchanted_plugins/data/ascot_DT-D_CurrentDrive_noise_vs_nmarkers_2/batch_0/ascot_sdcc_workflow_runner-486bf5bc-1a6e-4f66-8346-f3cb2fea10d4,0
15.21,5.48,0.0,20.68,28834.93083843276,7.686361880327784e+19,121419.49268510591,4940031.199045443,5591687.268805965,0.00022,0.0002,34.849856,11.420744,True,True,100000,38,/scratch/project_2013233/enchanted_plugins/data/ascot_DT-D_CurrentDrive_noise_vs_nmarkers_2/batch_0/ascot_sdcc_workflow_runner-c7d7c0c4-cd52-4294-b4a9-d9ab5b320773,0
14.26,5.47,0.0,19.73,28200.03059165506,7.713727129187834e+19,122463.279617852,4959482.457860917,5579720.328560093,0.00022,0.00016,34.849856,11.420744,True,True,100000,32,/scratch/project_2013233/enchanted_plugins/data/ascot_DT-D_CurrentDrive_noise_vs_nmarkers_2/batch_0/ascot_sdcc_workflow_runner-ab6bd501-3cee-4972-b8ff-209a98e47434,0
12.3,0.36,0.0,12.67,0.0,7.792157177605936e+19,127057.62905294361,4989824.910836243,5504671.617735202,0.0,0.0,34.849856,11.420744,True,True,1000,45,/scratch/project_2013233/enchanted_plugins/data/ascot_DT-D_CurrentDrive_noise_vs_nmarkers_2/batch_0/ascot_sdcc_workflow_runner-2237e0ce-13f2-4112-9d9a-fcefb13fd6b8,0
20.55,0.3,0.0,20.85,64096.39002101738,7.537505568101772e+19,119618.41532701494,4837556.13003703,5525622.122144457,0.0,0.0,34.849856,11.420744,True,True,1000,15,/scratch/project_2013233/enchanted_plugins/data/ascot_DT-D_CurrentDrive_noise_vs_nmarkers_2/batch_0/ascot_sdcc_workflow_runner-e58becf9-a57a-4475-8d27-a6d9e2955507,0
34.22,0.3,0.0,34.52,12819.13531703406,7.656244475261926e+19,116873.7527536079,4912243.594325231,5767789.285987661,0.001996,0.0,34.849856,11.420744,True,True,1000,39,/scratch/project_2013233/enchanted_plugins/data/ascot_DT-D_CurrentDrive_noise_vs_nmarkers_2/batch_0/ascot_sdcc_workflow_runner-64f00647-4194-4355-b8fb-e6d88f5a4b04,0
8.46,0.28,0.0,8.73,12818.797817703049,7.685407831214462e+19,125365.49819410485,4921875.543879482,5674717.450400544,0.0,0.0,34.849856,11.420744,True,True,1000,54,/scratch/project_2013233/enchanted_plugins/data/ascot_DT-D_CurrentDrive_noise_vs_nmarkers_2/batch_0/ascot_sdcc_workflow_runner-ff2adc96-9dae-49a3-9a53-cc9e8990f641,0
14.42,0.77,0.0,15.19,41021.018839532946,7.714456615482828e+19,121593.80737493602,4962043.250274512,5635010.5980419405,0.0006,0.0,34.849856,11.420744,True,True,10000,46,/scratch/project_2013233/enchanted_plugins/data/ascot_DT-D_CurrentDrive_noise_vs_nmarkers_2/batch_0/ascot_sdcc_workflow_runner-ed6e8c21-6030-4a1e-9d59-d141de50d868,0
14.04,5.47,0.0,19.51,28583.037194410703,7.699353622939722e+19,121997.54015610625,4952558.294184875,5584200.763634134,0.00018,0.00014,34.849856,11.420744,True,True,100000,47,/scratch/project_2013233/enchanted_plugins/data/ascot_DT-D_CurrentDrive_noise_vs_nmarkers_2/batch_0/ascot_sdcc_workflow_runner-f8fffb7c-983d-4251-a6a1-1c2e0ad68c41,0
9.14,0.7,0.0,9.84,29466.728394535694,7.751422326775085e+19,123467.70616588958,4970686.843058597,5593990.679825117,0.0002,0.0002,34.849856,11.420744,True,True,10000,55,/scratch/project_2013233/enchanted_plugins/data/ascot_DT-D_CurrentDrive_noise_vs_nmarkers_2/batch_0/ascot_sdcc_workflow_runner-45996fa0-ffbe-40ab-a77a-b18a81fae64d,0
9.63,0.36,0.0,9.99,25639.149877868087,7.835863700194933e+19,122782.6807486971,5044217.3986284565,5572899.289209051,0.0,0.0,34.849856,11.420744,True,True,1000,57,/scratch/project_2013233/enchanted_plugins/data/ascot_DT-D_CurrentDrive_noise_vs_nmarkers_2/batch_0/ascot_sdcc_workflow_runner-07e94f04-6b92-414a-b518-71202d0d1d7f,0
14.63,0.27,0.0,14.9,51288.38713985932,7.823311560925445e+19,124051.360621486,5024513.309852057,5571480.958526452,0.0,0.0,34.849856,11.420744,True,True,1000,48,/scratch/project_2013233/enchanted_plugins/data/ascot_DT-D_CurrentDrive_noise_vs_nmarkers_2/batch_0/ascot_sdcc_workflow_runner-8e2e3327-984d-4cc6-9c9e-0911bd898d54,0
9.57,0.28,0.0,9.86,51269.63062593417,7.637565697124316e+19,123987.96201641645,4894593.909455922,5677404.800364404,0.0,0.0,34.849856,11.420744,True,True,1000,42,/scratch/project_2013233/enchanted_plugins/data/ascot_DT-D_CurrentDrive_noise_vs_nmarkers_2/batch_0/ascot_sdcc_workflow_runner-acb56e48-505f-4772-83bc-dc901c4df912,0
9.31,0.26,0.0,9.57,25635.458221850622,7.857585910678636e+19,129295.23853554399,5022024.128511578,5546665.226327368,0.001996,0.0,34.849856,11.420744,True,True,1000,51,/scratch/project_2013233/enchanted_plugins/data/ascot_DT-D_CurrentDrive_noise_vs_nmarkers_2/batch_0/ascot_sdcc_workflow_runner-14a901ea-2d7b-4f44-93c9-e274d14e66d3,0
19.9,5.49,0.0,25.38,23453.63222636384,7.70296473718339e+19,121994.59043821298,4951973.7634178065,5579139.968624288,0.00024,0.00024,34.849856,11.420744,True,True,100000,29,/scratch/project_2013233/enchanted_plugins/data/ascot_DT-D_CurrentDrive_noise_vs_nmarkers_2/batch_0/ascot_sdcc_workflow_runner-3cb9e2b5-4bd2-4bb1-b1bc-cace47d406b9,0
10.27,0.79,0.0,11.06,21793.694994944628,7.635017754544985e+19,121114.64775026219,4905554.3638039315,5597887.675388981,0.0,0.0002,34.849856,11.420744,True,True,10000,52,/scratch/project_2013233/enchanted_plugins/data/ascot_DT-D_CurrentDrive_noise_vs_nmarkers_2/batch_0/ascot_sdcc_workflow_runner-e0838d76-a454-4ac2-a830-c8e1b0439cb8,0
15.23,5.44,0.0,20.67,30249.861273179515,7.713858966455407e+19,122209.35754348552,4957095.028951037,5597845.463591423,0.00024,0.00034,34.849856,11.420744,True,True,100000,44,/scratch/project_2013233/enchanted_plugins/data/ascot_DT-D_CurrentDrive_noise_vs_nmarkers_2/batch_0/ascot_sdcc_workflow_runner-5fa8a45c-ebf8-4b9d-b03a-6f8a1b8a1c6e,0
13.82,0.72,0.0,14.54,20510.991130377202,7.719311570176647e+19,121828.31799189029,4957248.8070351705,5589729.926156714,0.0004,0.0,34.849856,11.420744,True,True,10000,49,/scratch/project_2013233/enchanted_plugins/data/ascot_DT-D_CurrentDrive_noise_vs_nmarkers_2/batch_0/ascot_sdcc_workflow_runner-fea7cb1b-1d80-42d4-980d-24b57169e5a3,0
15.47,5.48,0.0,20.95,29479.467628692528,7.708347699788166e+19,121717.87226319929,4956887.3096438,5599661.356486933,0.00026,0.00016,34.849856,11.420744,True,True,100000,50,/scratch/project_2013233/enchanted_plugins/data/ascot_DT-D_CurrentDrive_noise_vs_nmarkers_2/batch_0/ascot_sdcc_workflow_runner-4e0106d2-636e-49b2-9a23-9ace6faee2b5,0
11.37,5.47,0.0,16.84,28456.281957145187,7.713358412829127e+19,122119.54859577176,4958831.040694038,5597568.604877707,0.00028,0.00028,34.849856,11.420744,True,True,100000,56,/scratch/project_2013233/enchanted_plugins/data/ascot_DT-D_CurrentDrive_noise_vs_nmarkers_2/batch_0/ascot_sdcc_workflow_runner-2b4f9571-6753-4aaa-9111-05e82788a11f,0
8.32,0.74,0.0,9.06,28188.003280873505,7.690493738583368e+19,122684.40349235525,4945371.148970137,5594048.785300743,0.0002,0.0,34.849856,11.420744,True,True,10000,67,/scratch/project_2013233/enchanted_plugins/data/ascot_DT-D_CurrentDrive_noise_vs_nmarkers_2/batch_0/ascot_sdcc_workflow_runner-be1cfe0a-6ea3-4f69-b597-4fbbafa33c4e,0
7.91,0.27,0.0,8.18,25638.188658724583,7.693684375777365e+19,122619.71057175461,4912962.954692446,5642137.274340343,0.0,0.0,34.849856,11.420744,True,True,1000,63,/scratch/project_2013233/enchanted_plugins/data/ascot_DT-D_CurrentDrive_noise_vs_nmarkers_2/batch_0/ascot_sdcc_workflow_runner-ebf7ea10-11aa-4f44-84db-2875739e205c,0
9.95,0.76,0.0,10.71,28176.661783842377,7.669493339516441e+19,120544.63628682298,4927268.343759928,5635695.619976588,0.0,0.0006,34.849856,11.420744,True,True,10000,40,/scratch/project_2013233/enchanted_plugins/data/ascot_DT-D_CurrentDrive_noise_vs_nmarkers_2/batch_0/ascot_sdcc_workflow_runner-9a5ad7dc-2610-462f-88d0-e18958f2c8b1,0
6.07,0.27,0.0,6.34,38463.275856963606,7.590045964445155e+19,118421.23235687401,4885086.6157420445,5510180.280440499,0.0,0.0,34.849856,11.420744,True,True,1000,66,/scratch/project_2013233/enchanted_plugins/data/ascot_DT-D_CurrentDrive_noise_vs_nmarkers_2/batch_0/ascot_sdcc_workflow_runner-5458c8a7-0e7e-48f9-968e-debf9d39a184,0
7.81,0.28,0.0,8.09,12821.813814480309,7.722419028924005e+19,119434.90671294485,4936601.553441115,5671863.389526938,0.0,0.0,34.849856,11.420744,True,True,1000,69,/scratch/project_2013233/enchanted_plugins/data/ascot_DT-D_CurrentDrive_noise_vs_nmarkers_2/batch_0/ascot_sdcc_workflow_runner-b0962ac5-7023-482c-9be7-095776970206,0
10.5,5.44,0.0,15.94,25764.267291770906,7.714610720899934e+19,122590.75513269281,4954567.710917076,5589725.153128955,0.0003,0.00026,34.849856,11.420744,True,True,100000,62,/scratch/project_2013233/enchanted_plugins/data/ascot_DT-D_CurrentDrive_noise_vs_nmarkers_2/batch_0/ascot_sdcc_workflow_runner-9c6f46cd-f142-4871-9131-57c76ba34df9,0
11.71,5.47,0.0,17.18,31273.846615020717,7.71903805327567e+19,122540.81273236348,4960959.616100154,5610771.622687628,0.00036,0.00014,34.849856,11.420744,True,True,100000,59,/scratch/project_2013233/enchanted_plugins/data/ascot_DT-D_CurrentDrive_noise_vs_nmarkers_2/batch_0/ascot_sdcc_workflow_runner-8fdfc790-605b-4924-9deb-681e8060cd8a,0
6.78,0.85,0.0,7.63,15383.109384442461,7.705828226324665e+19,120822.37024294876,4963020.567578216,5581699.671741832,0.0006,0.0002,34.849856,11.420744,True,True,10000,73,/scratch/project_2013233/enchanted_plugins/data/ascot_DT-D_CurrentDrive_noise_vs_nmarkers_2/batch_0/ascot_sdcc_workflow_runner-4f506181-bf92-47fb-8f93-36492db49645,0
7.17,0.27,0.0,7.45,51278.00510002177,7.788044522068242e+19,122982.79514331568,4987707.7535582725,5676320.186894908,0.0,0.0,34.849856,11.420744,True,True,1000,75,/scratch/project_2013233/enchanted_plugins/data/ascot_DT-D_CurrentDrive_noise_vs_nmarkers_2/batch_0/ascot_sdcc_workflow_runner-5b190887-2b67-4e50-8108-7094f5b82edb,0
6.82,0.84,0.0,7.65,35895.256411522256,7.706866930113411e+19,121273.58433128073,4961159.074325288,5609605.369287515,0.0,0.0002,34.849856,11.420744,True,True,10000,58,/scratch/project_2013233/enchanted_plugins/data/ascot_DT-D_CurrentDrive_noise_vs_nmarkers_2/batch_0/ascot_sdcc_workflow_runner-4fa50ef7-5904-46f1-9883-1d57ccee4ab7,0
6.63,0.89,0.0,7.52,41023.199275076186,7.721731334380557e+19,122351.67409258563,4965255.0604092125,5639022.255934746,0.0,0.0,34.849856,11.420744,True,True,10000,76,/scratch/project_2013233/enchanted_plugins/data/ascot_DT-D_CurrentDrive_noise_vs_nmarkers_2/batch_0/ascot_sdcc_workflow_runner-ef433739-e0d5-4e5e-b827-50bc5cfdcf2d,0
7.59,0.84,0.0,8.43,26920.990099406547,7.744057150322477e+19,121974.5212901394,4978855.113292454,5584023.934173312,0.0002,0.0004,34.849856,11.420744,True,True,10000,70,/scratch/project_2013233/enchanted_plugins/data/ascot_DT-D_CurrentDrive_noise_vs_nmarkers_2/batch_0/ascot_sdcc_workflow_runner-6d36fea8-7dd9-4442-a99d-d90bb920095f,0
7.58,0.93,0.0,8.51,34613.7638393919,7.66526411033783e+19,120073.07581085853,4934823.118158814,5637459.833666498,0.0004,0.0002,34.849856,11.420744,True,True,10000,94,/scratch/project_2013233/enchanted_plugins/data/ascot_DT-D_CurrentDrive_noise_vs_nmarkers_2/batch_0/ascot_sdcc_workflow_runner-d704acc3-9f82-4e44-8dd3-b9e6c6c11199,0
6.95,0.27,0.0,7.22,25638.3548336697,7.510737317985193e+19,114602.59973127447,4824255.074045039,5477361.688745557,0.0,0.001996,34.849856,11.420744,True,True,1000,81,/scratch/project_2013233/enchanted_plugins/data/ascot_DT-D_CurrentDrive_noise_vs_nmarkers_2/batch_0/ascot_sdcc_workflow_runner-54d85366-fc88-4dcf-901d-156ea76dba49,0
14.27,5.45,0.0,19.72,26272.823652650954,7.702272498596751e+19,121702.84459517778,4954470.639217837,5596769.777247099,0.00022,0.0001,34.849856,11.420744,True,True,100000,53,/scratch/project_2013233/enchanted_plugins/data/ascot_DT-D_CurrentDrive_noise_vs_nmarkers_2/batch_0/ascot_sdcc_workflow_runner-8cc92231-89f6-431a-b5c9-b85c50f47e30,0
6.92,0.77,0.0,7.69,38439.31889316564,7.74668210812939e+19,123496.16886920625,4976716.461382241,5620466.240327606,0.0002,0.0002,34.849856,11.420744,True,True,10000,79,/scratch/project_2013233/enchanted_plugins/data/ascot_DT-D_CurrentDrive_noise_vs_nmarkers_2/batch_0/ascot_sdcc_workflow_runner-44b64339-f92d-482b-8ef4-e018250ef51c,0
6.16,0.95,0.0,7.11,12819.117989749811,7.728445197542226e+19,121786.05500576767,4972936.077945487,5591275.426162138,0.0,0.0002,34.849856,11.420744,True,True,10000,85,/scratch/project_2013233/enchanted_plugins/data/ascot_DT-D_CurrentDrive_noise_vs_nmarkers_2/batch_0/ascot_sdcc_workflow_runner-97be08ed-bdfb-4499-b72a-ac0dc1b20ca2,0
8.16,5.51,0.0,13.68,27428.32750206515,7.71444699162027e+19,122679.2032265103,4957176.81022469,5624945.730903188,0.00026,0.0001,34.849856,11.420744,True,True,100000,71,/scratch/project_2013233/enchanted_plugins/data/ascot_DT-D_CurrentDrive_noise_vs_nmarkers_2/batch_0/ascot_sdcc_workflow_runner-80e5fee3-6684-4713-b5ff-0b90be25530f,0
11.13,0.31,0.0,11.44,38459.779814464724,7.66750274097372e+19,121618.05329770232,4920889.473031918,5768582.734299388,0.0,0.0,34.849856,11.420744,True,True,1000,96,/scratch/project_2013233/enchanted_plugins/data/ascot_DT-D_CurrentDrive_noise_vs_nmarkers_2/batch_0/ascot_sdcc_workflow_runner-c70116f8-7313-4198-a118-360a260948bc,0
9.05,0.36,0.0,9.4,51280.01929291532,7.648291157347708e+19,118791.67243899881,4896935.455828981,5571907.239890076,0.0,0.0,34.849856,11.420744,True,True,1000,87,/scratch/project_2013233/enchanted_plugins/data/ascot_DT-D_CurrentDrive_noise_vs_nmarkers_2/batch_0/ascot_sdcc_workflow_runner-c7dc7d04-df7b-480a-b7de-a71b20e2d7b0,0
11.22,0.27,0.0,11.49,12821.405451213825,7.677519382456798e+19,117551.96020273732,4958132.621240545,5540963.434861702,0.001996,0.0,34.849856,11.420744,True,True,1000,72,/scratch/project_2013233/enchanted_plugins/data/ascot_DT-D_CurrentDrive_noise_vs_nmarkers_2/batch_0/ascot_sdcc_workflow_runner-6923c9b5-9925-44ce-9ccc-43225a64bbe5,0
9.04,5.47,0.0,14.5,28068.008431960523,7.722501811311183e+19,122385.55720218678,4965286.645741688,5600771.694664548,0.00034,0.0002,34.849856,11.420744,True,True,100000,80,/scratch/project_2013233/enchanted_plugins/data/ascot_DT-D_CurrentDrive_noise_vs_nmarkers_2/batch_0/ascot_sdcc_workflow_runner-bfcd917d-c5be-4b57-96eb-f251fd3677c0,0
8.82,0.77,0.0,9.59,35893.593748276064,7.72297272136917e+19,122979.04926132201,4974059.760193017,5533640.788885674,0.000799,0.0002,34.849856,11.420744,True,True,10000,88,/scratch/project_2013233/enchanted_plugins/data/ascot_DT-D_CurrentDrive_noise_vs_nmarkers_2/batch_0/ascot_sdcc_workflow_runner-390c67c6-6c68-4518-b90c-59cb592e608b,0
27.79,0.73,0.0,28.51,24358.249379217403,7.712791760451704e+19,123006.57743414817,4948799.674450745,5622795.439111867,0.0,0.0,34.849856,11.420744,True,True,10000,61,/scratch/project_2013233/enchanted_plugins/data/ascot_DT-D_CurrentDrive_noise_vs_nmarkers_2/batch_0/ascot_sdcc_workflow_runner-8e56ad88-3f45-434e-a6b4-cf46b8b6a9ab,0
7.75,0.93,0.0,8.68,26920.525758679698,7.753049488094172e+19,123405.52823410045,4979046.938181777,5590365.2507295525,0.0004,0.0002,34.849856,11.420744,True,True,10000,91,/scratch/project_2013233/enchanted_plugins/data/ascot_DT-D_CurrentDrive_noise_vs_nmarkers_2/batch_0/ascot_sdcc_workflow_runner-980018f1-358a-4687-834d-5f17a552681b,0
7.37,0.27,0.0,7.64,51279.63620033176,7.611990146898423e+19,118247.90787420774,4916286.653448222,5664004.741556193,0.001996,0.0,34.849856,11.420744,True,True,1000,102,/scratch/project_2013233/enchanted_plugins/data/ascot_DT-D_CurrentDrive_noise_vs_nmarkers_2/batch_0/ascot_sdcc_workflow_runner-85d46236-8f18-4dcb-8f78-3296f6e630f6,0
7.92,5.52,0.0,13.44,27558.34158037142,7.720771172232878e+19,122240.81873819689,4966299.155153144,5609253.791377738,0.00028,0.00024,34.849856,11.420744,True,True,100000,74,/scratch/project_2013233/enchanted_plugins/data/ascot_DT-D_CurrentDrive_noise_vs_nmarkers_2/batch_0/ascot_sdcc_workflow_runner-5cdbc7e6-1ad4-4499-8af2-dac13f57f0d6,0
9.37,5.5,0.0,14.86,26145.952563404513,7.71439658408383e+19,121899.61416773866,4957316.017556864,5621249.492580114,0.00034,0.00018,34.849856,11.420744,True,True,100000,83,/scratch/project_2013233/enchanted_plugins/data/ascot_DT-D_CurrentDrive_noise_vs_nmarkers_2/batch_0/ascot_sdcc_workflow_runner-901bbe78-fb5d-4e33-8515-800f62a7a25f,0
7.49,0.74,0.0,8.23,35874.688573062704,7.738803208761275e+19,123217.81470227226,4970417.415051202,5564773.23020373,0.0004,0.0004,34.849856,11.420744,True,True,10000,103,/scratch/project_2013233/enchanted_plugins/data/ascot_DT-D_CurrentDrive_noise_vs_nmarkers_2/batch_0/ascot_sdcc_workflow_runner-4b539b9d-c053-475a-81af-a4ab77419d8e,0
13.46,5.49,0.0,18.95,29729.670442843777,7.685648200311706e+19,121169.72446730899,4942985.615493666,5599838.815446632,0.00016,8e-05,34.849856,11.420744,True,True,100000,92,/scratch/project_2013233/enchanted_plugins/data/ascot_DT-D_CurrentDrive_noise_vs_nmarkers_2/batch_0/ascot_sdcc_workflow_runner-0cceb53d-89c5-4a1a-88ee-972a31258105,0
9.19,5.47,0.0,14.66,28965.18880586439,7.713510525180517e+19,122397.6249660486,4960807.763430579,5601475.053123806,0.00034,0.00026,34.849856,11.420744,True,True,100000,86,/scratch/project_2013233/enchanted_plugins/data/ascot_DT-D_CurrentDrive_noise_vs_nmarkers_2/batch_0/ascot_sdcc_workflow_runner-7aa9626d-bf72-4c5a-9828-f7c460a2cb82,0
8.27,0.73,0.0,9.0,14102.394740073354,7.751203449175124e+19,124548.26045107468,4993381.770356388,5577247.226862648,0.0002,0.0004,34.849856,11.420744,True,True,10000,97,/scratch/project_2013233/enchanted_plugins/data/ascot_DT-D_CurrentDrive_noise_vs_nmarkers_2/batch_0/ascot_sdcc_workflow_runner-d58c2c6f-9778-46dc-9019-901ded38d8b7,0
11.21,0.28,0.0,11.49,25641.91440617508,7.446108695592632e+19,115274.99497699577,4794447.364773039,5520593.837068515,0.0,0.0,34.849856,11.420744,True,True,1000,78,/scratch/project_2013233/enchanted_plugins/data/ascot_DT-D_CurrentDrive_noise_vs_nmarkers_2/batch_0/ascot_sdcc_workflow_runner-7882ddb1-5fc6-4535-81e6-855afcb8c339,0
9.02,5.46,0.0,14.48,28064.863094344073,7.7190798338234e+19,122504.88135663295,4962133.4276248,5603467.014586194,0.0002,0.00014,34.849856,11.420744,True,True,100000,89,/scratch/project_2013233/enchanted_plugins/data/ascot_DT-D_CurrentDrive_noise_vs_nmarkers_2/batch_0/ascot_sdcc_workflow_runner-6a0fb960-87e2-4a54-acba-9cc4df1fe154,0
26.72,0.3,0.0,27.02,76919.02878217294,7.646579057097972e+19,118672.5059661795,4919083.746067071,5604061.410309554,0.0,0.0,34.849856,11.420744,True,True,1000,60,/scratch/project_2013233/enchanted_plugins/data/ascot_DT-D_CurrentDrive_noise_vs_nmarkers_2/batch_0/ascot_sdcc_workflow_runner-f794a911-0d69-472e-8c36-9c966b821da2,0
6.07,0.78,0.0,6.85,25640.3413450283,7.739972744194599e+19,123177.12656863469,4963221.1350901965,5636583.73206779,0.0004,0.0004,34.849856,11.420744,True,True,10000,106,/scratch/project_2013233/enchanted_plugins/data/ascot_DT-D_CurrentDrive_noise_vs_nmarkers_2/batch_0/ascot_sdcc_workflow_runner-b75da8b3-ef44-4ff3-9cb6-83094c0728a6,0
16.42,5.5,0.0,21.92,25638.183002203048,7.707123292867384e+19,122348.953376565,4956286.447253031,5596681.6928062225,0.00022,0.00024,34.849856,11.420744,True,True,100000,68,/scratch/project_2013233/enchanted_plugins/data/ascot_DT-D_CurrentDrive_noise_vs_nmarkers_2/batch_0/ascot_sdcc_workflow_runner-8d0c95de-43b5-48f7-be1c-41e7dc11cf7d,0
8.61,5.5,0.0,14.11,30633.085667611023,7.717504749565864e+19,122339.47245093282,4961199.200314771,5598570.687077962,0.00012,0.00022,34.849856,11.420744,True,True,100000,95,/scratch/project_2013233/enchanted_plugins/data/ascot_DT-D_CurrentDrive_noise_vs_nmarkers_2/batch_0/ascot_sdcc_workflow_runner-c53d4cff-5946-430e-9a18-d754f0ce9f23,0
8.58,5.48,0.0,14.06,32175.64499363236,7.699910304847027e+19,122137.14788756585,4948618.072506844,5613324.949889085,0.0002,0.00018,34.849856,11.420744,True,True,100000,101,/scratch/project_2013233/enchanted_plugins/data/ascot_DT-D_CurrentDrive_noise_vs_nmarkers_2/batch_0/ascot_sdcc_workflow_runner-b682d932-0bb9-461c-beb8-04571bce8759,0
8.14,0.3,0.0,8.43,64087.68864685435,7.713922088096383e+19,123827.77688074602,4957072.177131449,5567333.509404485,0.0,0.0,34.849856,11.420744,True,True,1000,108,/scratch/project_2013233/enchanted_plugins/data/ascot_DT-D_CurrentDrive_noise_vs_nmarkers_2/batch_0/ascot_sdcc_workflow_runner-f2f6b0ef-a476-460a-a61e-a18b7d847922,0
7.33,0.28,0.0,7.61,76912.55848150759,7.66187127018467e+19,122537.23999072234,4922082.602412131,5511006.839286393,0.0,0.0,34.849856,11.420744,True,True,1000,111,/scratch/project_2013233/enchanted_plugins/data/ascot_DT-D_CurrentDrive_noise_vs_nmarkers_2/batch_0/ascot_sdcc_workflow_runner-2979fcff-17ef-44d6-a66d-1609c624d866,0
7.85,0.86,0.0,8.71,26922.067456921675,7.706203204322904e+19,122362.72733818516,4942911.866239451,5608799.075912656,0.0004,0.0002,34.849856,11.420744,True,True,10000,109,/scratch/project_2013233/enchanted_plugins/data/ascot_DT-D_CurrentDrive_noise_vs_nmarkers_2/batch_0/ascot_sdcc_workflow_runner-8675be95-3c5d-4510-a482-b1d69c154117,0
8.96,0.74,0.0,9.69,24356.493467877062,7.73375836688086e+19,122458.8051102021,4974755.026515848,5608589.98287343,0.0006,0.0,34.849856,11.420744,True,True,10000,100,/scratch/project_2013233/enchanted_plugins/data/ascot_DT-D_CurrentDrive_noise_vs_nmarkers_2/batch_0/ascot_sdcc_workflow_runner-42b1f99b-2a2f-47fd-83f3-14ebe6bf035f,0
9.39,0.7,0.0,10.09,30740.179734159217,7.646439422838525e+19,119765.57556954183,4913172.521996519,5592226.839385591,0.0002,0.0004,34.849856,11.420744,True,True,10000,115,/scratch/project_2013233/enchanted_plugins/data/ascot_DT-D_CurrentDrive_noise_vs_nmarkers_2/batch_0/ascot_sdcc_workflow_runner-ebd17078-7c11-4ba7-af45-fa0a9b4df4b4,0
9.94,0.27,0.0,10.21,25642.68171824753,7.938312345025457e+19,124624.68144274509,5092530.142139604,5762425.605856183,0.001996,0.0,34.849856,11.420744,True,True,1000,93,/scratch/project_2013233/enchanted_plugins/data/ascot_DT-D_CurrentDrive_noise_vs_nmarkers_2/batch_0/ascot_sdcc_workflow_runner-fd23ddfd-8b3b-47ef-8ce1-631db980f9ac,0
12.3,0.28,0.0,12.58,38460.62017352685,7.743777690651967e+19,121390.60887643528,4991511.681639454,5499825.516753279,0.0,0.001996,34.849856,11.420744,True,True,1000,105,/scratch/project_2013233/enchanted_plugins/data/ascot_DT-D_CurrentDrive_noise_vs_nmarkers_2/batch_0/ascot_sdcc_workflow_runner-132be804-8d8e-44c8-9ad5-b5331dd18bd2,0
19.59,0.29,0.0,19.88,38458.855547212625,7.73483517455055e+19,123130.20192882382,4981660.800151382,5456550.542538741,0.0,0.0,34.849856,11.420744,True,True,1000,84,/scratch/project_2013233/enchanted_plugins/data/ascot_DT-D_CurrentDrive_noise_vs_nmarkers_2/batch_0/ascot_sdcc_workflow_runner-c4914a8b-916f-4a76-9c4c-b12f9fbb0e11,0
9.63,1.08,0.0,10.71,30768.808954674245,7.717368879486388e+19,122394.61519119039,4966115.99432922,5587204.61059495,0.0006,0.0,34.849856,11.420744,True,True,10000,118,/scratch/project_2013233/enchanted_plugins/data/ascot_DT-D_CurrentDrive_noise_vs_nmarkers_2/batch_0/ascot_sdcc_workflow_runner-5e2d3954-51a5-4992-ab67-32fc6f7e4a37,0
11.19,0.28,0.0,11.46,12823.083313719415,7.71869412136402e+19,122506.56133455598,4937100.369691109,5583783.093328241,0.0,0.0,34.849856,11.420744,True,True,1000,114,/scratch/project_2013233/enchanted_plugins/data/ascot_DT-D_CurrentDrive_noise_vs_nmarkers_2/batch_0/ascot_sdcc_workflow_runner-6b44d5e9-831e-47b7-b5d3-062fe5e7f9b3,0
10.16,5.54,0.0,15.7,27945.299198385223,7.709734271427232e+19,121987.62589328908,4957548.643201955,5604088.713072086,0.00026,0.00012,34.849856,11.420744,True,True,100000,77,/scratch/project_2013233/enchanted_plugins/data/ascot_DT-D_CurrentDrive_noise_vs_nmarkers_2/batch_0/ascot_sdcc_workflow_runner-3f266666-7332-4662-8b91-7f7b161e396f,0
10.58,0.28,0.0,10.86,25634.047682104738,7.722317688025547e+19,119129.04497352471,4941301.512612888,5633978.013685019,0.0,0.0,34.849856,11.420744,True,True,1000,120,/scratch/project_2013233/enchanted_plugins/data/ascot_DT-D_CurrentDrive_noise_vs_nmarkers_2/batch_0/ascot_sdcc_workflow_runner-5f48dc91-354d-4204-88e0-b58d1d8bda3d,0
10.49,5.47,0.0,15.95,26755.909159363673,7.713493267881746e+19,121685.50902414639,4955586.477336336,5614504.274363201,0.00034,0.00018,34.849856,11.420744,True,True,100000,104,/scratch/project_2013233/enchanted_plugins/data/ascot_DT-D_CurrentDrive_noise_vs_nmarkers_2/batch_0/ascot_sdcc_workflow_runner-9bc1d575-3b29-4c04-8295-0b7a612fe69e,0
10.18,5.47,0.0,15.65,29858.001543755883,7.73270331599728e+19,122777.50363462458,4971757.750096785,5608069.83470518,0.00014,0.00018,34.849856,11.420744,True,True,100000,116,/scratch/project_2013233/enchanted_plugins/data/ascot_DT-D_CurrentDrive_noise_vs_nmarkers_2/batch_0/ascot_sdcc_workflow_runner-5be109c4-2fe7-40ea-b43d-8429003b6fd8,0
12.34,0.75,0.0,13.09,32047.709371616933,7.739853544127111e+19,123179.85937552548,4969004.81414791,5597550.395617324,0.0002,0.0,34.849856,11.420744,True,True,10000,82,/scratch/project_2013233/enchanted_plugins/data/ascot_DT-D_CurrentDrive_noise_vs_nmarkers_2/batch_0/ascot_sdcc_workflow_runner-4c3fb031-9d64-46ee-a721-718aee0f97db,0
12.15,0.28,0.0,12.43,12821.67334598728,7.848431073302697e+19,128212.21140080849,5057343.081730008,5673278.0978335235,0.0,0.0,34.849856,11.420744,True,True,1000,99,/scratch/project_2013233/enchanted_plugins/data/ascot_DT-D_CurrentDrive_noise_vs_nmarkers_2/batch_0/ascot_sdcc_workflow_runner-08a6f335-98b1-48dc-9fc4-d17fc3b36aa7,0
12.27,0.82,0.0,13.08,35893.68050183791,7.760604380347241e+19,123397.80106614887,4987184.941125056,5556454.666113482,0.0,0.0,34.849856,11.420744,True,True,10000,112,/scratch/project_2013233/enchanted_plugins/data/ascot_DT-D_CurrentDrive_noise_vs_nmarkers_2/batch_0/ascot_sdcc_workflow_runner-ee1496d1-7d16-4d4b-95e8-3be2e59d1d63,0
14.01,0.79,0.0,14.79,35580.86644620591,7.683497405223082e+19,120551.55649490393,4942186.663955748,5556038.176817735,0.000799,0.0002,34.849856,11.420744,True,True,10000,121,/scratch/project_2013233/enchanted_plugins/data/ascot_DT-D_CurrentDrive_noise_vs_nmarkers_2/batch_0/ascot_sdcc_workflow_runner-8172b1c8-6798-4486-bcfc-602d8ce8dae6,0
15.48,1.04,0.0,16.52,20511.259869912326,7.799760107333693e+19,124449.46533328625,5017596.558133623,5590854.416323173,0.0006,0.0006,34.849856,11.420744,True,True,10000,124,/scratch/project_2013233/enchanted_plugins/data/ascot_DT-D_CurrentDrive_noise_vs_nmarkers_2/batch_0/ascot_sdcc_workflow_runner-36fd2b1f-8469-4d99-a1ae-66900d2acc26,0
13.0,5.49,0.0,18.49,30759.57820450817,7.70600928359584e+19,121698.709487391,4955315.388707981,5614876.307292698,0.00022,0.0002,34.849856,11.420744,True,True,100000,119,/scratch/project_2013233/enchanted_plugins/data/ascot_DT-D_CurrentDrive_noise_vs_nmarkers_2/batch_0/ascot_sdcc_workflow_runner-0a54a6b6-66d5-4f8c-b355-51f7805c996e,0
13.3,0.29,0.0,13.59,38455.86431566817,7.717385514463335e+19,120617.70032112353,4993504.98640736,5596735.659225578,0.0,0.0,34.849856,11.420744,True,True,1000,129,/scratch/project_2013233/enchanted_plugins/data/ascot_DT-D_CurrentDrive_noise_vs_nmarkers_2/batch_0/ascot_sdcc_workflow_runner-830e25d4-f2f0-46b1-986c-112f5573b60f,0
13.11,0.27,0.0,13.38,51282.25519192019,7.673553629472757e+19,124967.57920498222,4896409.81860336,5613455.663272404,0.0,0.0,34.849856,11.420744,True,True,1000,117,/scratch/project_2013233/enchanted_plugins/data/ascot_DT-D_CurrentDrive_noise_vs_nmarkers_2/batch_0/ascot_sdcc_workflow_runner-92324951-5aea-4df2-bd72-66872ff90cd4,0
18.6,5.5,0.0,24.1,26402.116903983704,7.687901298805601e+19,121579.54471379898,4944134.814178327,5609495.776034139,0.00018,0.00014,34.849856,11.420744,True,True,100000,107,/scratch/project_2013233/enchanted_plugins/data/ascot_DT-D_CurrentDrive_noise_vs_nmarkers_2/batch_0/ascot_sdcc_workflow_runner-3aff2bf6-5541-4782-a1b5-72d43084ad8b,0
14.11,0.67,0.0,14.78,0.0,7.795834271553967e+19,125575.60176940756,5018489.470391554,5496618.49629998,0.0,0.0,34.849856,11.420744,True,True,1000,126,/scratch/project_2013233/enchanted_plugins/data/ascot_DT-D_CurrentDrive_noise_vs_nmarkers_2/batch_0/ascot_sdcc_workflow_runner-b7cd89d8-1961-4ffe-9f6b-cd456111bf1e,0
16.73,5.52,0.0,22.24,33832.09752960156,7.725409274019427e+19,121981.53270942754,4968230.768805961,5604575.302001966,0.0002,0.0001,34.849856,11.420744,True,True,100000,113,/scratch/project_2013233/enchanted_plugins/data/ascot_DT-D_CurrentDrive_noise_vs_nmarkers_2/batch_0/ascot_sdcc_workflow_runner-1f7b69d4-057d-496f-868b-dfbde6aa37d0,0
15.16,5.47,0.0,20.63,30885.019108068245,7.72402947802369e+19,123153.45339521253,4963478.409413075,5610711.248053347,0.0003,2e-05,34.849856,11.420744,True,True,100000,122,/scratch/project_2013233/enchanted_plugins/data/ascot_DT-D_CurrentDrive_noise_vs_nmarkers_2/batch_0/ascot_sdcc_workflow_runner-71f686ef-4273-4e67-b2e4-7d08eca466e0,0
13.22,0.27,0.0,13.49,51278.348639636184,7.643681731934649e+19,119607.99616868306,4918944.254036185,5579512.987961358,0.0,0.0,34.849856,11.420744,True,True,1000,132,/scratch/project_2013233/enchanted_plugins/data/ascot_DT-D_CurrentDrive_noise_vs_nmarkers_2/batch_0/ascot_sdcc_workflow_runner-e1d7a1fb-d01e-40c6-87d8-6113fdeb91d0,0
13.69,0.35,0.0,14.05,12815.244448012854,7.720058481737014e+19,126007.96322263501,4964680.526239135,5471957.538867707,0.0,0.0,34.849856,11.420744,True,True,1000,123,/scratch/project_2013233/enchanted_plugins/data/ascot_DT-D_CurrentDrive_noise_vs_nmarkers_2/batch_0/ascot_sdcc_workflow_runner-b02439c2-06ac-48a6-b983-0eb28129e5a3,0
13.42,0.28,0.0,13.69,38457.94850695202,7.73301221121141e+19,124799.33784740018,4941516.011832431,5644143.8130039275,0.0,0.0,34.849856,11.420744,True,True,1000,135,/scratch/project_2013233/enchanted_plugins/data/ascot_DT-D_CurrentDrive_noise_vs_nmarkers_2/batch_0/ascot_sdcc_workflow_runner-c3145b47-91ee-418f-a935-31c29bad550c,0
41.92,5.51,0.0,47.43,32170.749312250002,7.697217987039196e+19,122101.13678785093,4946163.63330919,5600417.704204637,0.00016,0.0002,34.849856,11.420744,True,True,100000,65,/scratch/project_2013233/enchanted_plugins/data/ascot_DT-D_CurrentDrive_noise_vs_nmarkers_2/batch_0/ascot_sdcc_workflow_runner-8478a32c-ba2f-4796-8666-24340b4da37a,0
14.15,0.83,0.0,14.98,25638.136412634318,7.735319464557724e+19,122160.18308446005,4975426.546509218,5654351.125209493,0.0002,0.0006,34.849856,11.420744,True,True,10000,127,/scratch/project_2013233/enchanted_plugins/data/ascot_DT-D_CurrentDrive_noise_vs_nmarkers_2/batch_0/ascot_sdcc_workflow_runner-633fe906-fc00-40ee-b92c-8b8000ad7647,0
14.95,5.48,0.0,20.43,27815.16423267844,7.706846831278321e+19,121877.39629174783,4954959.633402523,5606250.100662463,0.00012,0.00016,34.849856,11.420744,True,True,100000,131,/scratch/project_2013233/enchanted_plugins/data/ascot_DT-D_CurrentDrive_noise_vs_nmarkers_2/batch_0/ascot_sdcc_workflow_runner-266e4be9-581a-46e6-9d46-ca6d4ac235f7,0
12.02,0.82,0.0,12.84,42304.405445229524,7.645039939996631e+19,119377.61946515425,4926007.1875745095,5616201.655346159,0.0006,0.0002,34.849856,11.420744,True,True,10000,142,/scratch/project_2013233/enchanted_plugins/data/ascot_DT-D_CurrentDrive_noise_vs_nmarkers_2/batch_0/ascot_sdcc_workflow_runner-3760abf8-b979-418d-9937-067b3c033d48,0
11.61,0.27,0.0,11.88,51271.29321771392,7.836926564201828e+19,123676.86449135552,5029499.145765463,5652548.050121465,0.0,0.0,34.849856,11.420744,True,True,1000,144,/scratch/project_2013233/enchanted_plugins/data/ascot_DT-D_CurrentDrive_noise_vs_nmarkers_2/batch_0/ascot_sdcc_workflow_runner-6e105a67-f5af-43f2-9ede-06ecea5b475e,0
16.56,5.48,0.0,22.04,32300.976921397552,7.720296312036744e+19,122189.12248205688,4961297.816828551,5605300.322161609,0.00032,0.00024,34.849856,11.420744,True,True,100000,128,/scratch/project_2013233/enchanted_plugins/data/ascot_DT-D_CurrentDrive_noise_vs_nmarkers_2/batch_0/ascot_sdcc_workflow_runner-f54b57d9-9a46-4205-ad35-6ee1478f4954,0
20.37,0.72,0.0,21.09,33315.706819453466,7.734578036310732e+19,121762.13630915184,4969925.290425365,5632122.079346201,0.0004,0.0006,34.849856,11.420744,True,True,10000,136,/scratch/project_2013233/enchanted_plugins/data/ascot_DT-D_CurrentDrive_noise_vs_nmarkers_2/batch_0/ascot_sdcc_workflow_runner-25f46182-469e-4e22-aca9-18d51cbd4a97,0
24.33,5.48,0.0,29.81,28709.330323584385,7.723945423946295e+19,122968.25908104458,4964070.572477495,5601905.406350417,0.00028,0.00014,34.849856,11.420744,True,True,100000,125,/scratch/project_2013233/enchanted_plugins/data/ascot_DT-D_CurrentDrive_noise_vs_nmarkers_2/batch_0/ascot_sdcc_workflow_runner-160b86c4-c206-45f2-b734-915a86d4170c,0
17.12,5.47,0.0,22.59,26528.055723988524,7.728183320705222e+19,122474.33537061639,4965457.87959259,5607989.438859345,0.00028,0.00024,34.849856,11.420744,True,True,100000,134,/scratch/project_2013233/enchanted_plugins/data/ascot_DT-D_CurrentDrive_noise_vs_nmarkers_2/batch_0/ascot_sdcc_workflow_runner-064b0273-dc02-4323-81f0-776691864b75,0
12.84,0.79,0.0,13.63,24358.199949727263,7.730425936684247e+19,122650.34102270727,4970383.438841764,5636153.517351962,0.0002,0.0002,34.849856,11.420744,True,True,10000,130,/scratch/project_2013233/enchanted_plugins/data/ascot_DT-D_CurrentDrive_noise_vs_nmarkers_2/batch_0/ascot_sdcc_workflow_runner-d99dbc38-795a-47d3-829a-78898079f5fb,0
16.84,5.46,0.0,22.3,31917.99099941812,7.697255985750165e+19,122116.42953838373,4947417.88000204,5591003.406089129,0.00036,0.00014,34.849856,11.420744,True,True,100000,137,/scratch/project_2013233/enchanted_plugins/data/ascot_DT-D_CurrentDrive_noise_vs_nmarkers_2/batch_0/ascot_sdcc_workflow_runner-93c84155-9972-4ebf-8ac9-b5397dbec75e,0
16.19,0.73,0.0,16.91,43558.73792654466,7.748642605961298e+19,122383.0061878792,4979130.963084027,5634569.588422942,0.0,0.0,34.849856,11.420744,True,True,10000,139,/scratch/project_2013233/enchanted_plugins/data/ascot_DT-D_CurrentDrive_noise_vs_nmarkers_2/batch_0/ascot_sdcc_workflow_runner-02735362-9437-48fe-93c5-2bd69dca1dd3,0
13.24,0.75,0.0,13.99,24357.461952640217,7.667557918425391e+19,121951.40084340959,4931890.9852181645,5600812.591654962,0.0,0.0002,34.849856,11.420744,True,True,10000,145,/scratch/project_2013233/enchanted_plugins/data/ascot_DT-D_CurrentDrive_noise_vs_nmarkers_2/batch_0/ascot_sdcc_workflow_runner-e3b0f31f-4fbe-4562-b90a-2f0f144b48c2,0
13.86,0.27,0.0,14.13,38458.53810381489,7.743642123533735e+19,123617.92693576608,4952724.353045865,5542675.044508696,0.0,0.0,34.849856,11.420744,True,True,1000,138,/scratch/project_2013233/enchanted_plugins/data/ascot_DT-D_CurrentDrive_noise_vs_nmarkers_2/batch_0/ascot_sdcc_workflow_runner-7b74f4cf-8b80-43ae-b92c-6c764997ccd0,0
12.93,5.49,0.0,18.42,28318.877336889975,7.698368482324978e+19,122026.8117853471,4948748.0922539765,5616425.014471628,0.00014,0.00022,34.849856,11.420744,True,True,100000,140,/scratch/project_2013233/enchanted_plugins/data/ascot_DT-D_CurrentDrive_noise_vs_nmarkers_2/batch_0/ascot_sdcc_workflow_runner-84f547f8-e479-4189-8045-4f07e83b53dc,0
13.57,0.27,0.0,13.84,38458.03018320744,7.599651080933043e+19,124990.70672178685,4859368.660462685,5546967.255950298,0.0,0.0,34.849856,11.420744,True,True,1000,150,/scratch/project_2013233/enchanted_plugins/data/ascot_DT-D_CurrentDrive_noise_vs_nmarkers_2/batch_0/ascot_sdcc_workflow_runner-631f98df-da14-48b4-86c2-a2170eb8d4a1,0
16.74,0.78,0.0,17.52,39741.46630321386,7.689881455577992e+19,121855.37146069696,4939207.735126513,5598265.087514927,0.0004,0.0004,34.849856,11.420744,True,True,10000,148,/scratch/project_2013233/enchanted_plugins/data/ascot_DT-D_CurrentDrive_noise_vs_nmarkers_2/batch_0/ascot_sdcc_workflow_runner-a89a884e-6a63-4a9a-8449-f8352d582f42,0
14.83,5.53,0.0,20.35,27685.432240324033,7.710973313637573e+19,121837.73609626762,4957981.804517091,5603727.568895381,0.00024,0.0002,34.849856,11.420744,True,True,100000,146,/scratch/project_2013233/enchanted_plugins/data/ascot_DT-D_CurrentDrive_noise_vs_nmarkers_2/batch_0/ascot_sdcc_workflow_runner-00eae61e-fd3d-4fc2-9ff0-6f0f9c6f531b,0
16.03,0.73,0.0,16.76,38457.13284721218,7.71352378799411e+19,121669.36603244423,4968483.625438153,5613195.636323639,0.0004,0.0,34.849856,11.420744,True,True,10000,151,/scratch/project_2013233/enchanted_plugins/data/ascot_DT-D_CurrentDrive_noise_vs_nmarkers_2/batch_0/ascot_sdcc_workflow_runner-1d3a2304-8e41-4db7-8928-2d9d18248dcf,0
20.54,0.28,0.0,20.81,25635.897036944447,7.795717074851524e+19,124375.77224646189,5015669.715699821,5484673.061678286,0.0,0.0,34.849856,11.420744,True,True,1000,141,/scratch/project_2013233/enchanted_plugins/data/ascot_DT-D_CurrentDrive_noise_vs_nmarkers_2/batch_0/ascot_sdcc_workflow_runner-eb0f887a-7727-45fe-b347-a57fe8a46b03,0
16.5,0.28,0.0,16.79,38458.585249111704,7.758840475569339e+19,119243.67557105872,5001441.669422438,5656307.273728329,0.0,0.0,34.849856,11.420744,True,True,1000,147,/scratch/project_2013233/enchanted_plugins/data/ascot_DT-D_CurrentDrive_noise_vs_nmarkers_2/batch_0/ascot_sdcc_workflow_runner-f12c2f8d-6817-4402-ac0d-c24a39571da8,0
15.43,0.27,0.0,15.7,0.0,7.594691488489937e+19,115787.33484716185,4903271.936143212,5569497.677121405,0.0,0.0,34.849856,11.420744,True,True,1000,159,/scratch/project_2013233/enchanted_plugins/data/ascot_DT-D_CurrentDrive_noise_vs_nmarkers_2/batch_0/ascot_sdcc_workflow_runner-4e55c85c-9e8f-49e8-a5ba-a2ad5d23b024,0
17.03,0.27,0.0,17.3,25510.17860884672,7.588636183040405e+19,114763.96906827376,4923916.040282209,5620795.06856153,0.0,0.0,34.849856,11.420744,True,True,1000,156,/scratch/project_2013233/enchanted_plugins/data/ascot_DT-D_CurrentDrive_noise_vs_nmarkers_2/batch_0/ascot_sdcc_workflow_runner-df9d3766-2c4e-4450-9a55-ee4d0aad037c,0
20.05,5.47,0.0,25.52,29609.30774409704,7.69831754421383e+19,121951.26624437951,4952770.794355257,5585505.818387704,0.0003,0.00026,34.849856,11.420744,True,True,100000,98,/scratch/project_2013233/enchanted_plugins/data/ascot_DT-D_CurrentDrive_noise_vs_nmarkers_2/batch_0/ascot_sdcc_workflow_runner-34523bfd-665b-4ad7-be2f-01e3df94cf64,0
21.24,5.48,0.0,26.72,30638.465804408977,7.701789283262022e+19,121668.55049529167,4952752.1612745095,5607082.388973644,0.00034,0.00016,34.849856,11.420744,True,True,100000,149,/scratch/project_2013233/enchanted_plugins/data/ascot_DT-D_CurrentDrive_noise_vs_nmarkers_2/batch_0/ascot_sdcc_workflow_runner-52a2373e-6cc6-4649-ae2b-ec0cece368ed,0
16.35,0.74,0.0,17.08,26906.30350393813,7.716279017241743e+19,121118.27584798363,4968769.467956031,5591433.367529351,0.0002,0.0002,34.849856,11.420744,True,True,10000,154,/scratch/project_2013233/enchanted_plugins/data/ascot_DT-D_CurrentDrive_noise_vs_nmarkers_2/batch_0/ascot_sdcc_workflow_runner-a4830308-4fe7-4b9c-a545-470cb2a4cded,0
16.29,0.29,0.0,16.57,51282.33047111719,7.74172893023212e+19,123818.40034837047,4996458.497726857,5613242.295930784,0.0,0.0,34.849856,11.420744,True,True,1000,153,/scratch/project_2013233/enchanted_plugins/data/ascot_DT-D_CurrentDrive_noise_vs_nmarkers_2/batch_0/ascot_sdcc_workflow_runner-72a258b9-a213-46b4-93f5-98eb0de85f79,0
47.47,5.54,0.0,53.01,27816.433778362436,7.701228034674975e+19,122205.96672203104,4947788.106718681,5618872.471371438,0.00018,0.0002,34.849856,11.420744,True,True,100000,110,/scratch/project_2013233/enchanted_plugins/data/ascot_DT-D_CurrentDrive_noise_vs_nmarkers_2/batch_0/ascot_sdcc_workflow_runner-2a8433fd-8567-45ba-835a-dcacfd2573c3,0
17.49,0.88,0.0,18.37,28184.12673766088,7.71591791641891e+19,123132.78462279784,4961667.863721997,5562547.65143416,0.0,0.0002,34.849856,11.420744,True,True,10000,163,/scratch/project_2013233/enchanted_plugins/data/ascot_DT-D_CurrentDrive_noise_vs_nmarkers_2/batch_0/ascot_sdcc_workflow_runner-75b175da-bbde-47fd-b735-4af6b30512a5,0
16.53,5.49,0.0,22.02,29352.4039786322,7.72218671016313e+19,122357.89242967711,4966357.902004858,5595183.370055128,0.0002,0.00028,34.849856,11.420744,True,True,100000,152,/scratch/project_2013233/enchanted_plugins/data/ascot_DT-D_CurrentDrive_noise_vs_nmarkers_2/batch_0/ascot_sdcc_workflow_runner-60752b31-f8d7-4986-89f7-3895f1f83aca,0
16.73,5.48,0.0,22.21,31660.00288488836,7.703225835995847e+19,122315.49700744107,4953679.181716998,5581302.572553494,0.00018,0.00038,34.849856,11.420744,True,True,100000,155,/scratch/project_2013233/enchanted_plugins/data/ascot_DT-D_CurrentDrive_noise_vs_nmarkers_2/batch_0/ascot_sdcc_workflow_runner-d95f9b28-468d-4b39-b6b2-4268f7c71c2d,0
80.04,0.75,0.0,80.79,29466.182849783305,7.692265313038e+19,122019.48168972839,4949182.975061352,5583755.931746542,0.0,0.0002,34.849856,11.420744,True,True,10000,64,/scratch/project_2013233/enchanted_plugins/data/ascot_DT-D_CurrentDrive_noise_vs_nmarkers_2/batch_0/ascot_sdcc_workflow_runner-765914b7-657a-453d-8f2d-f68b749ffaa4,0
22.43,0.77,0.0,23.2,32030.090462158314,7.70906466575114e+19,120994.88540008053,4956458.119868133,5606839.919573322,0.0,0.0002,34.849856,11.420744,True,True,10000,157,/scratch/project_2013233/enchanted_plugins/data/ascot_DT-D_CurrentDrive_noise_vs_nmarkers_2/batch_0/ascot_sdcc_workflow_runner-34c813e5-0384-42ec-bc2f-b1293da4b727,0
19.09,0.77,0.0,19.86,15384.519747417957,7.699311957809835e+19,121450.50745306144,4939721.052560762,5625806.911726004,0.0,0.0,34.849856,11.420744,True,True,10000,160,/scratch/project_2013233/enchanted_plugins/data/ascot_DT-D_CurrentDrive_noise_vs_nmarkers_2/batch_0/ascot_sdcc_workflow_runner-d9417de3-f85c-4f29-ba37-1e25a6299148,0
20.2,5.48,0.0,25.68,32170.312233579447,7.727081145753431e+19,122202.41621343467,4967189.76639981,5595495.525174252,0.00022,0.00016,34.849856,11.420744,True,True,100000,158,/scratch/project_2013233/enchanted_plugins/data/ascot_DT-D_CurrentDrive_noise_vs_nmarkers_2/batch_0/ascot_sdcc_workflow_runner-481eebfb-b96e-4869-8a1a-06f35056e442,0
17.72,5.47,0.0,23.19,28201.377041740674,7.705998333460444e+19,121927.75538978328,4952492.2502782885,5606111.2606947,0.00018,0.0002,34.849856,11.420744,True,True,100000,167,/scratch/project_2013233/enchanted_plugins/data/ascot_DT-D_CurrentDrive_noise_vs_nmarkers_2/batch_0/ascot_sdcc_workflow_runner-7a19adc1-bc5f-48ba-b049-1bd985798b92,0
18.02,0.86,0.0,18.88,26922.723890873265,7.72214052457189e+19,120197.61461425276,4960609.382122588,5611827.6227174755,0.0004,0.0004,34.849856,11.420744,True,True,10000,169,/scratch/project_2013233/enchanted_plugins/data/ascot_DT-D_CurrentDrive_noise_vs_nmarkers_2/batch_0/ascot_sdcc_workflow_runner-fe0870c1-7142-4f44-9fe5-eff906ddbaac,0
15.04,0.28,0.0,15.31,38462.91627420958,7.893790548127454e+19,123933.01763407166,5048446.755696433,5740477.966512558,0.0,0.0,34.849856,11.420744,True,True,1000,171,/scratch/project_2013233/enchanted_plugins/data/ascot_DT-D_CurrentDrive_noise_vs_nmarkers_2/batch_0/ascot_sdcc_workflow_runner-3d5cef3e-6125-4ae6-be12-fabb48b0342e,0
12.45,0.41,0.0,12.86,12822.455201698333,7.60623239368194e+19,121057.54706267787,4902820.345412254,5443439.572368238,0.001996,0.0,34.849856,11.420744,True,True,1000,168,/scratch/project_2013233/enchanted_plugins/data/ascot_DT-D_CurrentDrive_noise_vs_nmarkers_2/batch_0/ascot_sdcc_workflow_runner-d200264a-559a-4423-a700-de4fb795e9e8,0
23.07,0.28,0.0,23.34,0.0,7.873965709374256e+19,123346.9599732081,5057272.869791893,5711752.822319885,0.0,0.0,34.849856,11.420744,True,True,1000,165,/scratch/project_2013233/enchanted_plugins/data/ascot_DT-D_CurrentDrive_noise_vs_nmarkers_2/batch_0/ascot_sdcc_workflow_runner-2b198897-1ca8-4e3e-981e-93e86523efde,0
15.21,0.74,0.0,15.95,23060.30286206165,7.737875116398353e+19,123019.08033933584,4972899.92214272,5581907.050374446,0.0,0.0004,34.849856,11.420744,True,True,10000,172,/scratch/project_2013233/enchanted_plugins/data/ascot_DT-D_CurrentDrive_noise_vs_nmarkers_2/batch_0/ascot_sdcc_workflow_runner-30002bc4-9819-46d3-bd12-cab004601a2e,0
13.86,0.29,0.0,14.16,25642.439351028177,7.599619777783713e+19,121078.988990891,4870958.336036202,5647473.116501428,0.0,0.0,34.849856,11.420744,True,True,1000,174,/scratch/project_2013233/enchanted_plugins/data/ascot_DT-D_CurrentDrive_noise_vs_nmarkers_2/batch_0/ascot_sdcc_workflow_runner-63c039c6-7f8b-47db-9f8c-a5cc711aa0de,0
14.06,0.79,0.0,14.85,24357.539545925327,7.686008227823501e+19,121189.2494162291,4940156.023491701,5633350.634645353,0.0004,0.0002,34.849856,11.420744,True,True,10000,166,/scratch/project_2013233/enchanted_plugins/data/ascot_DT-D_CurrentDrive_noise_vs_nmarkers_2/batch_0/ascot_sdcc_workflow_runner-462494f8-c8c4-4b52-9f7b-da58aba68f21,0
13.41,0.87,0.0,14.28,29475.91630692477,7.699735207254837e+19,122737.69176935985,4946698.928618377,5589782.780265741,0.0004,0.0,34.849856,11.420744,True,True,10000,133,/scratch/project_2013233/enchanted_plugins/data/ascot_DT-D_CurrentDrive_noise_vs_nmarkers_2/batch_0/ascot_sdcc_workflow_runner-ab8c3cbb-6d19-4133-a323-a64e4f5b39b5,0
10.9,0.91,0.0,11.81,21777.91262748207,7.697814788162747e+19,121840.13287273784,4945156.040019191,5601170.95690561,0.0006,0.0,34.849856,11.420744,True,True,10000,181,/scratch/project_2013233/enchanted_plugins/data/ascot_DT-D_CurrentDrive_noise_vs_nmarkers_2/batch_0/ascot_sdcc_workflow_runner-cb98a85c-c111-4fe4-83d2-5812a0ffa273,0
9.11,0.77,0.0,9.88,26902.46665113709,7.772485983966065e+19,124626.23458015532,4994105.207572609,5559450.649348654,0.0004,0.0,34.849856,11.420744,True,True,10000,178,/scratch/project_2013233/enchanted_plugins/data/ascot_DT-D_CurrentDrive_noise_vs_nmarkers_2/batch_0/ascot_sdcc_workflow_runner-7caabfbf-6570-442d-abfa-0982f1ad06b4,0
18.86,5.49,0.0,24.35,29861.899748539076,7.697312776786077e+19,122172.82237926437,4950077.579038277,5584937.303778018,0.00032,0.00022,34.849856,11.420744,True,True,100000,164,/scratch/project_2013233/enchanted_plugins/data/ascot_DT-D_CurrentDrive_noise_vs_nmarkers_2/batch_0/ascot_sdcc_workflow_runner-62279296-825a-4f93-b781-8afb326245ac,0
28.05,5.47,0.0,33.52,30378.621229293803,7.7142613967193e+19,122228.65468084157,4959922.194462199,5606518.645121696,8e-05,0.00014,34.849856,11.420744,True,True,100000,143,/scratch/project_2013233/enchanted_plugins/data/ascot_DT-D_CurrentDrive_noise_vs_nmarkers_2/batch_0/ascot_sdcc_workflow_runner-77e48a8c-070a-4eb5-8e5c-67883b861fda,0
6.44,0.29,0.0,6.73,0.0,7.673486557759775e+19,122695.00887487366,4943238.826344276,5580923.557104792,0.001996,0.0,34.849856,11.420744,True,True,1000,183,/scratch/project_2013233/enchanted_plugins/data/ascot_DT-D_CurrentDrive_noise_vs_nmarkers_2/batch_0/ascot_sdcc_workflow_runner-67ba7c13-49a8-4bdf-948b-4a29196e4285,0
18.23,5.53,0.0,23.76,30759.070355959226,7.730918269815248e+19,123198.13102156608,4972327.491663039,5586972.819166005,0.00026,0.00018,34.849856,11.420744,True,True,100000,170,/scratch/project_2013233/enchanted_plugins/data/ascot_DT-D_CurrentDrive_noise_vs_nmarkers_2/batch_0/ascot_sdcc_workflow_runner-8aed6f92-e481-49e7-9c58-7d56939a3c46,0
8.19,0.28,0.0,8.47,0.0,7.896094582937698e+19,130589.52498354779,5080044.8079613075,5547226.623584554,0.001996,0.0,34.849856,11.420744,True,True,1000,186,/scratch/project_2013233/enchanted_plugins/data/ascot_DT-D_CurrentDrive_noise_vs_nmarkers_2/batch_0/ascot_sdcc_workflow_runner-33615dce-a5e4-4d57-847d-e2cdccb5c029,0
7.57,0.27,0.0,7.85,38458.249972752805,7.575508696846524e+19,118641.04937078797,4856634.493281904,5791392.40051847,0.0,0.0,34.849856,11.420744,True,True,1000,189,/scratch/project_2013233/enchanted_plugins/data/ascot_DT-D_CurrentDrive_noise_vs_nmarkers_2/batch_0/ascot_sdcc_workflow_runner-d2ff436a-5263-496d-a613-7bf55a1d979d,0
6.44,0.4,0.0,6.84,12683.188812282673,7.82721520025944e+19,124207.1797102795,5040226.1323784655,5596158.759337023,0.0,0.0,34.849856,11.420744,True,True,1000,192,/scratch/project_2013233/enchanted_plugins/data/ascot_DT-D_CurrentDrive_noise_vs_nmarkers_2/batch_0/ascot_sdcc_workflow_runner-035043ca-0663-484b-b17e-fca61eb50d79,0
7.09,0.72,0.0,7.81,38443.37996877089,7.733468269573346e+19,123287.17678664956,4975665.03661655,5598144.403221315,0.0,0.0004,34.849856,11.420744,True,True,10000,193,/scratch/project_2013233/enchanted_plugins/data/ascot_DT-D_CurrentDrive_noise_vs_nmarkers_2/batch_0/ascot_sdcc_workflow_runner-bb6454d0-9293-42e3-9cab-0ce0c14753ab,0
8.29,0.85,0.0,9.14,34611.598944322745,7.692471066327676e+19,122120.84261240464,4938783.594498969,5576879.62320335,0.000799,0.0,34.849856,11.420744,True,True,10000,184,/scratch/project_2013233/enchanted_plugins/data/ascot_DT-D_CurrentDrive_noise_vs_nmarkers_2/batch_0/ascot_sdcc_workflow_runner-b0c9db46-ce6c-4f96-8d7e-04ff670fa75c,0
5.63,0.27,0.0,5.89,25640.196957757547,7.6148593571892e+19,118294.98825223494,4909369.333618269,5654791.971751174,0.0,0.0,34.849856,11.420744,True,True,1000,198,/scratch/project_2013233/enchanted_plugins/data/ascot_DT-D_CurrentDrive_noise_vs_nmarkers_2/batch_0/ascot_sdcc_workflow_runner-0f1da1b6-2790-4d36-8533-fa8c2fd44df3,0
7.59,0.28,0.0,7.87,12822.628492481324,7.704757772799528e+19,121775.021181721,4952135.965554381,5535797.326985633,0.003984,0.0,34.849856,11.420744,True,True,1000,195,/scratch/project_2013233/enchanted_plugins/data/ascot_DT-D_CurrentDrive_noise_vs_nmarkers_2/batch_0/ascot_sdcc_workflow_runner-f42939de-7e2a-4c8e-bb2b-eb142e749536,0
12.94,5.5,0.0,18.45,29223.93046012202,7.708682928509549e+19,122047.72068361117,4956771.305395386,5598275.866067839,0.00018,0.00014,34.849856,11.420744,True,True,100000,173,/scratch/project_2013233/enchanted_plugins/data/ascot_DT-D_CurrentDrive_noise_vs_nmarkers_2/batch_0/ascot_sdcc_workflow_runner-66fe1506-dbe9-4ba8-8548-5d18e73f84e4,0
6.52,0.72,0.0,7.24,28201.721167386993,7.710095832445613e+19,123053.38922888812,4952766.355911207,5597677.282364533,0.0,0.0004,34.849856,11.420744,True,True,10000,196,/scratch/project_2013233/enchanted_plugins/data/ascot_DT-D_CurrentDrive_noise_vs_nmarkers_2/batch_0/ascot_sdcc_workflow_runner-a7e27c13-c805-4714-bc72-6db1bbe2db69,0
9.04,5.45,0.0,14.49,29997.840912265805,7.69693171479002e+19,121958.7484293322,4949273.748293389,5596977.2657748675,0.00018,0.00014,34.849856,11.420744,True,True,100000,182,/scratch/project_2013233/enchanted_plugins/data/ascot_DT-D_CurrentDrive_noise_vs_nmarkers_2/batch_0/ascot_sdcc_workflow_runner-c440f7be-977f-4c42-b716-c5b92a4305e6,0
8.21,5.52,0.0,13.73,29476.221098964616,7.714204908725227e+19,122223.27740654832,4959505.377057114,5607833.93111063,0.0003,6e-05,34.849856,11.420744,True,True,100000,185,/scratch/project_2013233/enchanted_plugins/data/ascot_DT-D_CurrentDrive_noise_vs_nmarkers_2/batch_0/ascot_sdcc_workflow_runner-cec05f78-37cd-413c-9ec4-6b9a9566e5ba,0
35.32,5.5,0.0,40.82,25765.131276797565,7.719865157457984e+19,122371.08753987777,4961616.685515798,5607232.519768163,0.00022,0.0003,34.849856,11.420744,True,True,100000,161,/scratch/project_2013233/enchanted_plugins/data/ascot_DT-D_CurrentDrive_noise_vs_nmarkers_2/batch_0/ascot_sdcc_workflow_runner-ba007472-18bb-48df-8a92-ec8919d9d23f,0
20.13,5.65,0.0,25.78,25633.914376485063,7.728015387053202e+19,122530.79207264664,4971128.6024332,5592643.338074067,0.00032,8e-05,34.849856,11.420744,True,True,100000,176,/scratch/project_2013233/enchanted_plugins/data/ascot_DT-D_CurrentDrive_noise_vs_nmarkers_2/batch_0/ascot_sdcc_workflow_runner-dcaef457-7915-4da2-848e-4a304ce61be3,0
8.55,0.76,0.0,9.3,28204.443707532395,7.713046530612126e+19,123454.95963557593,4960140.75454655,5544382.981094144,0.0002,0.0,34.849856,11.420744,True,True,10000,187,/scratch/project_2013233/enchanted_plugins/data/ascot_DT-D_CurrentDrive_noise_vs_nmarkers_2/batch_0/ascot_sdcc_workflow_runner-68e2bc3a-7861-4079-b56b-11fe63dd9dcd,0
8.88,0.73,0.0,9.61,19230.603026885507,7.6752097632973e+19,119984.83479102026,4940232.239659168,5641918.624739326,0.0002,0.0,34.849856,11.420744,True,True,10000,175,/scratch/project_2013233/enchanted_plugins/data/ascot_DT-D_CurrentDrive_noise_vs_nmarkers_2/batch_0/ascot_sdcc_workflow_runner-bfa00014-3624-4d98-add3-995ed0f283b4,0
7.45,0.3,0.0,7.75,25635.763227477903,7.707844959939858e+19,122012.49254870827,4970143.6679380275,5528909.831811344,0.0,0.0,34.849856,11.420744,True,True,1000,204,/scratch/project_2013233/enchanted_plugins/data/ascot_DT-D_CurrentDrive_noise_vs_nmarkers_2/batch_0/ascot_sdcc_workflow_runner-e2bf830b-4800-4fb5-8e87-69ddd8b677bd,0
11.14,5.51,0.0,16.65,29585.47851604698,7.728090478210885e+19,122334.37247095013,4967742.978387852,5615978.500543333,0.00022,0.00016,34.849856,11.420744,True,True,100000,179,/scratch/project_2013233/enchanted_plugins/data/ascot_DT-D_CurrentDrive_noise_vs_nmarkers_2/batch_0/ascot_sdcc_workflow_runner-8a797050-fb5a-4b70-93c8-5e69908e8c21,0
5.93,0.28,0.0,6.21,38462.12377502305,7.670801367264263e+19,124751.746543518,4930130.02408721,5578367.393538226,0.001996,0.0,34.849856,11.420744,True,True,1000,210,/scratch/project_2013233/enchanted_plugins/data/ascot_DT-D_CurrentDrive_noise_vs_nmarkers_2/batch_0/ascot_sdcc_workflow_runner-ca54a361-b096-45f4-9e0e-7c2ff2b86d04,0
6.26,0.71,0.0,6.97,29483.074945306842,7.722704507154453e+19,122849.05222358082,4967550.17048373,5594566.387782793,0.0002,0.0,34.849856,11.420744,True,True,10000,208,/scratch/project_2013233/enchanted_plugins/data/ascot_DT-D_CurrentDrive_noise_vs_nmarkers_2/batch_0/ascot_sdcc_workflow_runner-5e4dac86-75ca-4455-812e-f1740611b075,0
10.49,5.51,0.0,16.0,29606.78159669226,7.715023203342583e+19,121984.70821272739,4960277.370021172,5602671.160034716,0.00022,0.00022,34.849856,11.420744,True,True,100000,191,/scratch/project_2013233/enchanted_plugins/data/ascot_DT-D_CurrentDrive_noise_vs_nmarkers_2/batch_0/ascot_sdcc_workflow_runner-e3596d87-786a-45d1-9390-9f5488069348,0
23.3,0.27,0.0,23.56,89736.10292598777,7.542942234511698e+19,120891.81158505629,4822541.148520214,5723916.794581673,0.0,0.0,34.849856,11.420744,True,True,1000,90,/scratch/project_2013233/enchanted_plugins/data/ascot_DT-D_CurrentDrive_noise_vs_nmarkers_2/batch_0/ascot_sdcc_workflow_runner-263af075-a996-409f-b451-0bacb121b24e,0
8.36,0.31,0.0,8.67,64098.957625723866,7.478624341552221e+19,117175.07382702865,4817585.881592487,5485586.72412793,0.0,0.0,34.849856,11.420744,True,True,1000,207,/scratch/project_2013233/enchanted_plugins/data/ascot_DT-D_CurrentDrive_noise_vs_nmarkers_2/batch_0/ascot_sdcc_workflow_runner-75cad777-2662-4436-b3ad-c74f360ee8c6,0
8.83,5.48,0.0,14.31,31139.815374508715,7.715206898906663e+19,121956.69691320641,4960025.735772096,5597073.08911431,0.00028,0.00018,34.849856,11.420744,True,True,100000,203,/scratch/project_2013233/enchanted_plugins/data/ascot_DT-D_CurrentDrive_noise_vs_nmarkers_2/batch_0/ascot_sdcc_workflow_runner-6ab921b5-ed6a-47a2-a1d0-d0d3eba54ba9,0
8.88,0.29,0.0,9.17,25640.960051866725,7.759375312860016e+19,126282.82402563594,4991571.717801207,5637551.925478103,0.0,0.0,34.849856,11.420744,True,True,1000,213,/scratch/project_2013233/enchanted_plugins/data/ascot_DT-D_CurrentDrive_noise_vs_nmarkers_2/batch_0/ascot_sdcc_workflow_runner-8accef9c-711a-4eea-a59d-c834f8403b54,0
8.3,0.72,0.0,9.02,26921.814301637856,7.709420492468024e+19,122529.47986455595,4957327.052206094,5552020.406030577,0.0,0.0002,34.849856,11.420744,True,True,10000,211,/scratch/project_2013233/enchanted_plugins/data/ascot_DT-D_CurrentDrive_noise_vs_nmarkers_2/batch_0/ascot_sdcc_workflow_runner-af7c1cd5-90c0-47fa-83e5-e3cf4007136a,0
8.4,5.46,0.0,13.86,29221.880466944724,7.710391403532873e+19,121921.48159089543,4954818.1211157385,5621142.2282998,0.00012,0.00018,34.849856,11.420744,True,True,100000,188,/scratch/project_2013233/enchanted_plugins/data/ascot_DT-D_CurrentDrive_noise_vs_nmarkers_2/batch_0/ascot_sdcc_workflow_runner-8bcc05c4-7d6d-4f5c-a422-8103b87078cb,0
8.28,0.82,0.0,9.1,34610.88697715372,7.72779787470209e+19,123708.99545279148,4959430.488684499,5586858.343222757,0.0002,0.0,34.849856,11.420744,True,True,10000,202,/scratch/project_2013233/enchanted_plugins/data/ascot_DT-D_CurrentDrive_noise_vs_nmarkers_2/batch_0/ascot_sdcc_workflow_runner-f719550b-df21-4027-b118-13c4af808704,0
9.99,0.75,0.0,10.74,30768.0394853103,7.686023890146286e+19,121531.88111567785,4945863.463581601,5569526.005263227,0.000799,0.0002,34.849856,11.420744,True,True,10000,214,/scratch/project_2013233/enchanted_plugins/data/ascot_DT-D_CurrentDrive_noise_vs_nmarkers_2/batch_0/ascot_sdcc_workflow_runner-b0924259-b8ee-430a-a394-c2da149b3ec2,0
10.0,5.45,0.0,15.45,27814.275947978633,7.705357554541753e+19,122688.08037412137,4952793.663209643,5585342.722641372,0.00016,0.00026,34.849856,11.420744,True,True,100000,209,/scratch/project_2013233/enchanted_plugins/data/ascot_DT-D_CurrentDrive_noise_vs_nmarkers_2/batch_0/ascot_sdcc_workflow_runner-08a60df5-63ce-4b83-9f9a-c5f452b84d67,0
9.26,0.72,0.0,9.98,30766.42960343538,7.71329735431844e+19,122528.5977034943,4957656.8653518865,5628116.983974473,0.000799,0.0,34.849856,11.420744,True,True,10000,220,/scratch/project_2013233/enchanted_plugins/data/ascot_DT-D_CurrentDrive_noise_vs_nmarkers_2/batch_0/ascot_sdcc_workflow_runner-3d3939ba-d51f-4f42-90d0-d51080e31547,0
9.66,0.27,0.0,9.93,38463.12751902444,7.705689246117939e+19,124326.81683430822,4951242.427855086,5465381.645246735,0.0,0.0,34.849856,11.420744,True,True,1000,219,/scratch/project_2013233/enchanted_plugins/data/ascot_DT-D_CurrentDrive_noise_vs_nmarkers_2/batch_0/ascot_sdcc_workflow_runner-13a63889-35af-4098-ae01-8264a91e9192,0
11.5,5.49,0.0,16.99,26021.33792630606,7.721930136564531e+19,122579.89939745129,4963936.418878618,5608645.066629531,0.00028,0.00022,34.849856,11.420744,True,True,100000,197,/scratch/project_2013233/enchanted_plugins/data/ascot_DT-D_CurrentDrive_noise_vs_nmarkers_2/batch_0/ascot_sdcc_workflow_runner-3a741132-4198-48e2-ace9-b5663cf91df0,0
11.9,5.52,0.0,17.41,25894.09107934523,7.718364379658255e+19,122342.4557809464,4961265.9780175965,5606293.198728339,0.00036,0.00028,34.849856,11.420744,True,True,100000,212,/scratch/project_2013233/enchanted_plugins/data/ascot_DT-D_CurrentDrive_noise_vs_nmarkers_2/batch_0/ascot_sdcc_workflow_runner-21854155-eb46-4cf4-87b6-718c6487566e,0
11.36,0.28,0.0,11.64,0.0,7.834112998611809e+19,128737.54937371098,5017873.967787992,5642540.238053811,0.0,0.0,34.849856,11.420744,True,True,1000,222,/scratch/project_2013233/enchanted_plugins/data/ascot_DT-D_CurrentDrive_noise_vs_nmarkers_2/batch_0/ascot_sdcc_workflow_runner-4eff116e-5dc4-4f25-8284-ac0f31013f2c,0
11.47,0.75,0.0,12.23,32050.28071750934,7.70110991256658e+19,122398.43144254155,4958816.58458468,5595053.4647691725,0.0002,0.0,34.849856,11.420744,True,True,10000,199,/scratch/project_2013233/enchanted_plugins/data/ascot_DT-D_CurrentDrive_noise_vs_nmarkers_2/batch_0/ascot_sdcc_workflow_runner-0c52cb16-f307-4964-80a3-af2c41acf859,0
10.33,0.93,0.0,11.26,24359.712530949226,7.712980420575198e+19,122670.69963350221,4958903.035509024,5605153.729057427,0.0,0.0006,34.849856,11.420744,True,True,10000,223,/scratch/project_2013233/enchanted_plugins/data/ascot_DT-D_CurrentDrive_noise_vs_nmarkers_2/batch_0/ascot_sdcc_workflow_runner-5e69d25a-7a32-4e39-9baa-df8ec1263ab4,0
10.61,5.48,0.0,16.09,27558.6583882059,7.71491020608149e+19,122524.79064281401,4956654.536220185,5604962.458437909,0.00026,0.00018,34.849856,11.420744,True,True,100000,218,/scratch/project_2013233/enchanted_plugins/data/ascot_DT-D_CurrentDrive_noise_vs_nmarkers_2/batch_0/ascot_sdcc_workflow_runner-746af57a-2992-4640-8109-83f635e22474,0
12.08,5.6,0.0,17.67,32300.63075756916,7.710126081112383e+19,122171.90349283203,4959346.31660919,5605057.178318163,0.00022,0.0001,34.849856,11.420744,True,True,100000,194,/scratch/project_2013233/enchanted_plugins/data/ascot_DT-D_CurrentDrive_noise_vs_nmarkers_2/batch_0/ascot_sdcc_workflow_runner-3f64a7c4-ff18-42df-8d50-c144a6007bbd,0
9.39,0.26,0.0,9.65,12818.801268863805,7.67913759327565e+19,122028.62331399224,4918681.837200599,5663655.593366533,0.0,0.0,34.849856,11.420744,True,True,1000,231,/scratch/project_2013233/enchanted_plugins/data/ascot_DT-D_CurrentDrive_noise_vs_nmarkers_2/batch_0/ascot_sdcc_workflow_runner-4e4568a3-1879-46b0-a937-e556509078f3,0
10.25,0.31,0.0,10.56,25637.865712657047,7.835740963286694e+19,117945.50668367848,5045668.487409547,5683818.400921674,0.0,0.0,34.849856,11.420744,True,True,1000,234,/scratch/project_2013233/enchanted_plugins/data/ascot_DT-D_CurrentDrive_noise_vs_nmarkers_2/batch_0/ascot_sdcc_workflow_runner-8affe2c0-47e1-47bb-bc74-7c2a3b2734e8,0
23.22,0.3,0.0,23.51,0.0,7.678079679364019e+19,123121.92260576274,4930302.563059111,5553972.806420484,0.0,0.0,34.849856,11.420744,True,True,1000,201,/scratch/project_2013233/enchanted_plugins/data/ascot_DT-D_CurrentDrive_noise_vs_nmarkers_2/batch_0/ascot_sdcc_workflow_runner-0d2cc5e3-9f6c-420b-b3c4-24c57b9d36b9,0
14.07,0.8,0.0,14.87,26921.67942433542,7.691289553182283e+19,121823.16192134227,4939094.778672161,5652970.874591262,0.0,0.0002,34.849856,11.420744,True,True,10000,217,/scratch/project_2013233/enchanted_plugins/data/ascot_DT-D_CurrentDrive_noise_vs_nmarkers_2/batch_0/ascot_sdcc_workflow_runner-568ca246-443c-4b3c-b3c4-b8218aa3cc3d,0
18.7,5.49,0.0,24.19,31139.734377291676,7.709381017670222e+19,122401.39230069489,4956408.024510284,5594930.795174114,0.00032,0.00032,34.849856,11.420744,True,True,100000,200,/scratch/project_2013233/enchanted_plugins/data/ascot_DT-D_CurrentDrive_noise_vs_nmarkers_2/batch_0/ascot_sdcc_workflow_runner-d7668c2a-2107-4f79-bb2a-fe0b49834396,0
9.92,0.8,0.0,10.72,21793.314492390855,7.65434292769333e+19,121156.60728864207,4923343.171413192,5548817.591652417,0.0002,0.0,34.849856,11.420744,True,True,10000,235,/scratch/project_2013233/enchanted_plugins/data/ascot_DT-D_CurrentDrive_noise_vs_nmarkers_2/batch_0/ascot_sdcc_workflow_runner-6e91d0ad-5312-469c-aa3c-1fdcce9842ab,0
16.81,5.46,0.0,22.27,25632.55245498225,7.694506134992617e+19,121320.34360676193,4947625.78454339,5598209.982836426,0.00016,0.00028,34.849856,11.420744,True,True,100000,215,/scratch/project_2013233/enchanted_plugins/data/ascot_DT-D_CurrentDrive_noise_vs_nmarkers_2/batch_0/ascot_sdcc_workflow_runner-b83f1cc2-73e4-48ca-8261-396f23baa7d7,0
17.06,5.49,0.0,22.55,27163.090675071067,7.727811124723643e+19,122420.53109560435,4967965.731293572,5608860.04720151,0.00014,0.00018,34.849856,11.420744,True,True,100000,206,/scratch/project_2013233/enchanted_plugins/data/ascot_DT-D_CurrentDrive_noise_vs_nmarkers_2/batch_0/ascot_sdcc_workflow_runner-49ca823b-349a-4253-97ee-d7e354c5a944,0
9.84,0.76,0.0,10.6,30766.3604742547,7.700810742846426e+19,123072.90684327247,4948054.793462105,5540398.145748799,0.0004,0.0,34.849856,11.420744,True,True,10000,238,/scratch/project_2013233/enchanted_plugins/data/ascot_DT-D_CurrentDrive_noise_vs_nmarkers_2/batch_0/ascot_sdcc_workflow_runner-b2a0504c-1129-47b0-bc3c-5d860882ae26,0
10.35,0.71,0.0,11.06,29487.07161745557,7.699705290201124e+19,122508.55605976512,4949201.103540213,5570906.424451475,0.000799,0.0002,34.849856,11.420744,True,True,10000,241,/scratch/project_2013233/enchanted_plugins/data/ascot_DT-D_CurrentDrive_noise_vs_nmarkers_2/batch_0/ascot_sdcc_workflow_runner-37180762-f6ba-4ec6-9b03-31dc110cdee3,0
14.15,0.28,0.0,14.44,51282.953232533706,7.67944503104413e+19,121396.74897306121,4942848.933293769,5606781.102286005,0.0,0.0,34.849856,11.420744,True,True,1000,225,/scratch/project_2013233/enchanted_plugins/data/ascot_DT-D_CurrentDrive_noise_vs_nmarkers_2/batch_0/ascot_sdcc_workflow_runner-91cd64bc-31d6-4b28-a94d-a48483a28c0d,0
14.35,0.74,0.0,15.09,21793.818802121517,7.708279826330313e+19,121175.857491579,4962685.38765268,5596129.853053522,0.0,0.0002,34.849856,11.420744,True,True,10000,226,/scratch/project_2013233/enchanted_plugins/data/ascot_DT-D_CurrentDrive_noise_vs_nmarkers_2/batch_0/ascot_sdcc_workflow_runner-eebfc2f8-250f-45ed-ade8-de85b320d3f5,0
13.59,5.48,0.0,19.07,28188.142339148435,7.693396965247309e+19,122021.06317320795,4947663.542428023,5598931.674368511,0.0002,0.00012,34.849856,11.420744,True,True,100000,221,/scratch/project_2013233/enchanted_plugins/data/ascot_DT-D_CurrentDrive_noise_vs_nmarkers_2/batch_0/ascot_sdcc_workflow_runner-7bc4cb30-929c-47c1-928a-23f071ba803a,0
8.76,0.33,0.0,9.09,0.0,7.690850313011982e+19,118868.98780152327,4953760.427404462,5574603.200625098,0.0,0.0,34.849856,11.420744,True,True,1000,243,/scratch/project_2013233/enchanted_plugins/data/ascot_DT-D_CurrentDrive_noise_vs_nmarkers_2/batch_0/ascot_sdcc_workflow_runner-7eea8083-8adb-4c78-81a3-506f81c148d5,0
9.4,0.84,0.0,10.24,29485.681709871402,7.675771946781553e+19,121434.47260955372,4935279.289172856,5597133.447414807,0.0,0.0006,34.849856,11.420744,True,True,10000,244,/scratch/project_2013233/enchanted_plugins/data/ascot_DT-D_CurrentDrive_noise_vs_nmarkers_2/batch_0/ascot_sdcc_workflow_runner-aac32cb4-00c9-402c-b2af-08e787c9bc68,0
9.5,0.28,0.0,9.78,64094.818627791334,7.623604027426226e+19,125630.6379116503,4887875.14852768,5477603.829044724,0.0,0.0,34.849856,11.420744,True,True,1000,228,/scratch/project_2013233/enchanted_plugins/data/ascot_DT-D_CurrentDrive_noise_vs_nmarkers_2/batch_0/ascot_sdcc_workflow_runner-ed47756e-6e4c-4c62-b2e9-35168ed6f181,0
44.91,0.76,0.0,45.67,29483.4376980529,7.70422663039599e+19,121138.2728285298,4951295.934177659,5623485.412761271,0.0,0.0002,34.849856,11.420744,True,True,10000,190,/scratch/project_2013233/enchanted_plugins/data/ascot_DT-D_CurrentDrive_noise_vs_nmarkers_2/batch_0/ascot_sdcc_workflow_runner-8cfd9cec-bf28-4d77-a6c9-e2ea367de470,0
10.69,5.45,0.0,16.14,27559.06542516714,7.729522465731219e+19,122717.14702382365,4968238.366854443,5607159.086547842,0.00018,0.00026,34.849856,11.420744,True,True,100000,239,/scratch/project_2013233/enchanted_plugins/data/ascot_DT-D_CurrentDrive_noise_vs_nmarkers_2/batch_0/ascot_sdcc_workflow_runner-383e0c1d-4367-4ab7-a438-18ed1272681f,0
7.42,0.28,0.0,7.7,25638.18950487971,7.640622309998954e+19,123735.4932690636,4896118.99382318,5598398.51922912,0.0,0.001996,34.849856,11.420744,True,True,1000,237,/scratch/project_2013233/enchanted_plugins/data/ascot_DT-D_CurrentDrive_noise_vs_nmarkers_2/batch_0/ascot_sdcc_workflow_runner-771412d6-ee1d-4ed6-a538-0ac7e82ec85e,0
16.07,5.46,0.0,21.53,29482.84032745188,7.699475173154456e+19,122063.36929234129,4949862.047562274,5587895.288439193,0.0001,8e-05,34.849856,11.420744,True,True,100000,236,/scratch/project_2013233/enchanted_plugins/data/ascot_DT-D_CurrentDrive_noise_vs_nmarkers_2/batch_0/ascot_sdcc_workflow_runner-da6da385-1a08-4e1b-b181-367e4a524d50,0
5.57,0.29,0.0,5.86,12818.398642171076,7.626125477881928e+19,117394.57528674472,4892829.9470981965,5646507.480713116,0.0,0.0,34.849856,11.420744,True,True,1000,252,/scratch/project_2013233/enchanted_plugins/data/ascot_DT-D_CurrentDrive_noise_vs_nmarkers_2/batch_0/ascot_sdcc_workflow_runner-d917a901-fa91-440a-b9cd-a7cec8d57967,0
10.11,5.47,0.0,15.57,27941.968735358652,7.716883184003278e+19,122553.12843810456,4961580.008691947,5596821.834099874,0.00032,0.00018,34.849856,11.420744,True,True,100000,230,/scratch/project_2013233/enchanted_plugins/data/ascot_DT-D_CurrentDrive_noise_vs_nmarkers_2/batch_0/ascot_sdcc_workflow_runner-04fbdde9-7020-47bb-b5ee-26c0347305d3,0
9.88,0.77,0.0,10.66,25640.0067510037,7.705237871868464e+19,120991.70069611013,4950688.27399353,5617906.504439723,0.0002,0.0,34.849856,11.420744,True,True,10000,232,/scratch/project_2013233/enchanted_plugins/data/ascot_DT-D_CurrentDrive_noise_vs_nmarkers_2/batch_0/ascot_sdcc_workflow_runner-b27eb0de-fa42-43ab-83b7-2c1e6dce5df7,0
11.08,5.51,0.0,16.59,26912.161623213404,7.740393669490701e+19,122958.98514500199,4976624.867277809,5610470.703675031,0.00028,0.00018,34.849856,11.420744,True,True,100000,233,/scratch/project_2013233/enchanted_plugins/data/ascot_DT-D_CurrentDrive_noise_vs_nmarkers_2/batch_0/ascot_sdcc_workflow_runner-869bbeda-9b49-4199-b733-6dac8de9e492,0
5.25,0.28,0.0,5.52,25635.93689977225,7.768829828361023e+19,123084.73009758066,4961757.553629042,5567825.027945446,0.0,0.0,34.849856,11.420744,True,True,1000,249,/scratch/project_2013233/enchanted_plugins/data/ascot_DT-D_CurrentDrive_noise_vs_nmarkers_2/batch_0/ascot_sdcc_workflow_runner-050e4d89-ffc7-471c-a0ac-00597545ed64,0
23.47,5.48,0.0,28.94,28200.016866069825,7.725589878701983e+19,122326.73471873502,4969946.551700984,5598846.6534823915,0.00016,0.00018,34.849856,11.420744,True,True,100000,224,/scratch/project_2013233/enchanted_plugins/data/ascot_DT-D_CurrentDrive_noise_vs_nmarkers_2/batch_0/ascot_sdcc_workflow_runner-fdd5c85d-6e0b-45b4-8577-66fdd309476a,0
5.33,0.28,0.0,5.6,25637.280670105923,7.834810704882978e+19,126848.14014902542,5034879.124292311,5567547.326110033,0.0,0.0,34.849856,11.420744,True,True,1000,258,/scratch/project_2013233/enchanted_plugins/data/ascot_DT-D_CurrentDrive_noise_vs_nmarkers_2/batch_0/ascot_sdcc_workflow_runner-76dfdd2c-6767-4df8-bea2-0fee19363629,0
10.74,5.46,0.0,16.2,29220.95952686543,7.695696339385896e+19,121834.87880294092,4947266.12523662,5601085.1238307925,0.00024,0.00018,34.849856,11.420744,True,True,100000,245,/scratch/project_2013233/enchanted_plugins/data/ascot_DT-D_CurrentDrive_noise_vs_nmarkers_2/batch_0/ascot_sdcc_workflow_runner-e7362e70-d6e0-4ade-99fd-7b71b40974da,0
15.34,0.85,0.0,16.2,29461.148723310933,7.7245918447698e+19,123679.74822479277,4955734.5460206615,5557338.344941164,0.0004,0.0002,34.849856,11.420744,True,True,10000,247,/scratch/project_2013233/enchanted_plugins/data/ascot_DT-D_CurrentDrive_noise_vs_nmarkers_2/batch_0/ascot_sdcc_workflow_runner-50edfef7-4381-433e-a587-f44de751b155,0
8.46,0.31,0.0,8.77,25642.258489949534,7.819986405442042e+19,122623.92414964702,5035278.458037666,5627737.099537063,0.0,0.0,34.849856,11.420744,True,True,1000,246,/scratch/project_2013233/enchanted_plugins/data/ascot_DT-D_CurrentDrive_noise_vs_nmarkers_2/batch_0/ascot_sdcc_workflow_runner-32223516-74c3-4bb4-8c5d-291f71fbfa1f,0
8.15,0.72,0.0,8.87,37175.727224722235,7.703878510386584e+19,121944.63777801245,4962847.930965486,5591550.018487088,0.0,0.0004,34.849856,11.420744,True,True,10000,259,/scratch/project_2013233/enchanted_plugins/data/ascot_DT-D_CurrentDrive_noise_vs_nmarkers_2/batch_0/ascot_sdcc_workflow_runner-480f8a47-00d5-463a-bc13-674960e0a15e,0
6.85,0.82,0.0,7.67,23075.513593464228,7.660905014169107e+19,120408.28059339833,4937888.39235625,5586421.826633672,0.0,0.0,34.849856,11.420744,True,True,10000,205,/scratch/project_2013233/enchanted_plugins/data/ascot_DT-D_CurrentDrive_noise_vs_nmarkers_2/batch_0/ascot_sdcc_workflow_runner-d93f9ad5-447d-4820-9877-3e37f8e72da0,0
6.62,0.27,0.0,6.9,64100.804590851214,7.847735533401716e+19,126257.00004492555,5050108.315305855,5632163.208926487,0.0,0.0,34.849856,11.420744,True,True,1000,264,/scratch/project_2013233/enchanted_plugins/data/ascot_DT-D_CurrentDrive_noise_vs_nmarkers_2/batch_0/ascot_sdcc_workflow_runner-5913e49e-a3c7-4715-bbae-c3397dab37d5,0
11.39,0.75,0.0,12.14,28191.3921858506,7.684623682824282e+19,120565.78985866107,4941571.955944274,5619200.577818645,0.0,0.0004,34.849856,11.420744,True,True,10000,253,/scratch/project_2013233/enchanted_plugins/data/ascot_DT-D_CurrentDrive_noise_vs_nmarkers_2/batch_0/ascot_sdcc_workflow_runner-71ca460d-0903-47d2-bf4a-ae0c0e596df9,0
80.66,0.28,0.0,80.94,0.0,7.678510266546807e+19,124014.64614193687,4926285.502263127,5510630.782314268,0.0,0.0,34.849856,11.420744,True,True,1000,162,/scratch/project_2013233/enchanted_plugins/data/ascot_DT-D_CurrentDrive_noise_vs_nmarkers_2/batch_0/ascot_sdcc_workflow_runner-4133245c-a507-40e4-9af1-cdccbf9e1ef1,0
6.57,0.4,0.0,6.97,51271.33351931133,7.677328115196428e+19,121789.16613990687,4933341.401874587,5601115.811044015,0.001996,0.001996,34.849856,11.420744,True,True,1000,255,/scratch/project_2013233/enchanted_plugins/data/ascot_DT-D_CurrentDrive_noise_vs_nmarkers_2/batch_0/ascot_sdcc_workflow_runner-ab1a785f-305e-40ac-b798-867f8b737d57,0
10.32,0.79,0.0,11.11,32035.033169271435,7.702261510382666e+19,122218.90401041326,4956019.864124394,5596402.235252624,0.0004,0.0,34.849856,11.420744,True,True,10000,250,/scratch/project_2013233/enchanted_plugins/data/ascot_DT-D_CurrentDrive_noise_vs_nmarkers_2/batch_0/ascot_sdcc_workflow_runner-6e2c7e73-6b3f-4bce-addf-5f75bed18360,0
9.12,0.73,0.0,9.85,23075.667798619048,7.720475332655192e+19,122116.84306101913,4973374.988594177,5565393.629425741,0.0,0.0002,34.849856,11.420744,True,True,10000,262,/scratch/project_2013233/enchanted_plugins/data/ascot_DT-D_CurrentDrive_noise_vs_nmarkers_2/batch_0/ascot_sdcc_workflow_runner-3fb53cc7-ebfa-4d47-a11e-f1f3cf6fc913,0
38.49,0.29,0.0,38.79,38462.809313702885,7.68733411391243e+19,120537.19322694982,4915842.170366897,5592878.288203904,0.0,0.0,34.849856,11.420744,True,True,1000,216,/scratch/project_2013233/enchanted_plugins/data/ascot_DT-D_CurrentDrive_noise_vs_nmarkers_2/batch_0/ascot_sdcc_workflow_runner-af332b31-beb3-4db1-8682-01e6a97de44c,0
7.25,0.78,0.0,8.04,39740.0865024494,7.682497824869648e+19,122608.58293722171,4936799.92672207,5571766.365722886,0.0006,0.0002,34.849856,11.420744,True,True,10000,256,/scratch/project_2013233/enchanted_plugins/data/ascot_DT-D_CurrentDrive_noise_vs_nmarkers_2/batch_0/ascot_sdcc_workflow_runner-18814b02-cd42-4de2-b7d1-9465e0b823af,0
7.58,0.79,0.0,8.37,19229.889986552243,7.728137141895255e+19,123762.4493489324,4973938.141579664,5602757.920542895,0.0002,0.0,34.849856,11.420744,True,True,10000,271,/scratch/project_2013233/enchanted_plugins/data/ascot_DT-D_CurrentDrive_noise_vs_nmarkers_2/batch_0/ascot_sdcc_workflow_runner-bbf3f805-bac3-471d-a377-9ce551c9791a,0
7.31,5.49,0.0,12.8,29738.571294938065,7.707734943396461e+19,122291.82884965673,4956887.103424323,5588028.698902185,0.0005,0.00014,34.849856,11.420744,True,True,100000,263,/scratch/project_2013233/enchanted_plugins/data/ascot_DT-D_CurrentDrive_noise_vs_nmarkers_2/batch_0/ascot_sdcc_workflow_runner-5b450fbc-26ca-4904-b0ff-bb9b5d384cc2,0
7.36,0.85,0.0,8.21,33332.678373929244,7.668986091396125e+19,121761.155213164,4938284.321648572,5588941.372320943,0.0,0.0002,34.849856,11.420744,True,True,10000,268,/scratch/project_2013233/enchanted_plugins/data/ascot_DT-D_CurrentDrive_noise_vs_nmarkers_2/batch_0/ascot_sdcc_workflow_runner-37b466ed-878a-49e9-9f70-8f05101f1f84,0
10.73,5.45,0.0,16.18,28327.230062525552,7.69184601290498e+19,121990.54980936208,4945259.409977468,5607506.683624686,0.00016,0.0002,34.849856,11.420744,True,True,100000,257,/scratch/project_2013233/enchanted_plugins/data/ascot_DT-D_CurrentDrive_noise_vs_nmarkers_2/batch_0/ascot_sdcc_workflow_runner-a3842a05-0289-4f98-8a82-3f2d7b89dbc3,0
8.9,0.28,0.0,9.19,38461.49723111628,7.495891972383112e+19,117951.55182240179,4815908.3579087835,5635199.10072679,0.001996,0.0,34.849856,11.420744,True,True,1000,261,/scratch/project_2013233/enchanted_plugins/data/ascot_DT-D_CurrentDrive_noise_vs_nmarkers_2/batch_0/ascot_sdcc_workflow_runner-9b645808-e39e-4382-85f7-f47bfacae769,0
7.26,0.29,0.0,7.55,12818.81865911968,7.581053225148008e+19,118891.5014384581,4868802.854888344,5633645.732743674,0.0,0.001996,34.849856,11.420744,True,True,1000,276,/scratch/project_2013233/enchanted_plugins/data/ascot_DT-D_CurrentDrive_noise_vs_nmarkers_2/batch_0/ascot_sdcc_workflow_runner-1a8f9045-46c2-4969-9232-306f1b34f85f,0
9.38,5.5,0.0,14.87,24996.287593043377,7.71162282575801e+19,122391.94959362189,4952988.306659573,5602761.795599319,0.00032,0.00018,34.849856,11.420744,True,True,100000,266,/scratch/project_2013233/enchanted_plugins/data/ascot_DT-D_CurrentDrive_noise_vs_nmarkers_2/batch_0/ascot_sdcc_workflow_runner-2dc03bb6-58eb-4661-9730-410a499b9455,0
9.41,5.51,0.0,14.92,28201.868916328986,7.687613089583022e+19,121467.85995384365,4942191.333094915,5610365.18481645,0.0003,0.0003,34.849856,11.420744,True,True,100000,254,/scratch/project_2013233/enchanted_plugins/data/ascot_DT-D_CurrentDrive_noise_vs_nmarkers_2/batch_0/ascot_sdcc_workflow_runner-6749f202-c1a2-4475-a2e5-c53296e42efb,0
12.01,5.46,0.0,17.47,26146.38262446454,7.70506528966967e+19,122567.53581041624,4952565.574534135,5599900.091687622,0.0002,0.0002,34.849856,11.420744,True,True,100000,251,/scratch/project_2013233/enchanted_plugins/data/ascot_DT-D_CurrentDrive_noise_vs_nmarkers_2/batch_0/ascot_sdcc_workflow_runner-8cf3d92e-d3f4-41ad-aea9-4a104ea9a99f,0
22.74,5.53,0.0,28.28,29862.791119744896,7.7088667450649e+19,122400.7875507196,4953510.730217384,5596092.6107699415,0.00024,0.00014,34.849856,11.420744,True,True,100000,227,/scratch/project_2013233/enchanted_plugins/data/ascot_DT-D_CurrentDrive_noise_vs_nmarkers_2/batch_0/ascot_sdcc_workflow_runner-a5f48cb3-fc36-47b0-9ddf-2cbf83a129e3,0
9.1,0.92,0.0,10.02,29484.432400592166,7.660778090353666e+19,121654.2663901055,4924826.255931749,5581637.69205203,0.0,0.0004,34.849856,11.420744,True,True,10000,277,/scratch/project_2013233/enchanted_plugins/data/ascot_DT-D_CurrentDrive_noise_vs_nmarkers_2/batch_0/ascot_sdcc_workflow_runner-15a5b266-45d9-47a2-8337-f607933faad9,0
9.77,0.8,0.0,10.57,23076.03266049794,7.690446090487446e+19,121484.26933852678,4941995.4430969125,5631159.665657814,0.0,0.0002,34.849856,11.420744,True,True,10000,265,/scratch/project_2013233/enchanted_plugins/data/ascot_DT-D_CurrentDrive_noise_vs_nmarkers_2/batch_0/ascot_sdcc_workflow_runner-b2bf61bc-b5fb-4666-9005-00683aae9e69,0
6.0,0.28,0.0,6.28,38458.49334809796,7.793257025631886e+19,122540.31590055265,5018165.144621285,5615662.899618597,0.0,0.0,34.849856,11.420744,True,True,1000,240,/scratch/project_2013233/enchanted_plugins/data/ascot_DT-D_CurrentDrive_noise_vs_nmarkers_2/batch_0/ascot_sdcc_workflow_runner-66d0a3df-b212-43f8-a382-e8f9d2e4462a,0
10.78,5.45,0.0,16.23,26149.018631957926,7.713366881995071e+19,122130.81056330971,4959520.553761771,5606606.952042609,0.0002,0.00018,34.849856,11.420744,True,True,100000,242,/scratch/project_2013233/enchanted_plugins/data/ascot_DT-D_CurrentDrive_noise_vs_nmarkers_2/batch_0/ascot_sdcc_workflow_runner-4520dabf-1351-407d-b7d3-94f92aab2508,0
13.6,5.46,0.0,19.06,31407.206370866537,7.712116478056047e+19,122348.03221576128,4960280.298068379,5595985.875876631,0.0002,0.00022,34.849856,11.420744,True,True,100000,248,/scratch/project_2013233/enchanted_plugins/data/ascot_DT-D_CurrentDrive_noise_vs_nmarkers_2/batch_0/ascot_sdcc_workflow_runner-e38be7d6-432e-4c6d-9a47-498c1e85ebae,0
7.76,0.73,0.0,8.49,40997.58866740057,7.722698334043346e+19,121446.75558480705,4963314.031767225,5636424.793128817,0.0,0.0006,34.849856,11.420744,True,True,10000,283,/scratch/project_2013233/enchanted_plugins/data/ascot_DT-D_CurrentDrive_noise_vs_nmarkers_2/batch_0/ascot_sdcc_workflow_runner-3c4f70ed-ce4c-4a11-9949-1fa7e5fa7a2e,0
6.41,0.27,0.0,6.68,51275.264740275445,7.669428433746477e+19,124216.40793916403,4934585.779642612,5747294.239337971,0.0,0.0,34.849856,11.420744,True,True,1000,270,/scratch/project_2013233/enchanted_plugins/data/ascot_DT-D_CurrentDrive_noise_vs_nmarkers_2/batch_0/ascot_sdcc_workflow_runner-7d7f36ff-128c-464a-a828-d07ebb04122d,0
6.35,0.55,0.0,6.91,25636.794916248735,7.870605504580695e+19,125859.51286454909,5054818.8629234955,5610014.087138378,0.0,0.0,34.849856,11.420744,True,True,1000,285,/scratch/project_2013233/enchanted_plugins/data/ascot_DT-D_CurrentDrive_noise_vs_nmarkers_2/batch_0/ascot_sdcc_workflow_runner-f45f4ae1-745d-4a93-b14c-c3ca55965d0a,0
6.81,0.28,0.0,7.09,51273.35841386603,7.782989206813626e+19,125312.57474701093,4997111.988364684,5672155.850351869,0.0,0.0,34.849856,11.420744,True,True,1000,288,/scratch/project_2013233/enchanted_plugins/data/ascot_DT-D_CurrentDrive_noise_vs_nmarkers_2/batch_0/ascot_sdcc_workflow_runner-f38538af-1651-488e-a892-623fa6cb92c9,0
10.07,5.48,0.0,15.55,28455.905691973552,7.701949874067605e+19,122278.50520520264,4953445.618488479,5598266.623995065,0.00024,0.00024,34.849856,11.420744,True,True,100000,272,/scratch/project_2013233/enchanted_plugins/data/ascot_DT-D_CurrentDrive_noise_vs_nmarkers_2/batch_0/ascot_sdcc_workflow_runner-6fd50472-030f-4bdf-a3e0-f39feefc2875,0
10.0,0.28,0.0,10.27,25639.80638230494,7.70970596843421e+19,123908.1616330461,4927665.913462652,5754030.901850957,0.001996,0.0,34.849856,11.420744,True,True,1000,282,/scratch/project_2013233/enchanted_plugins/data/ascot_DT-D_CurrentDrive_noise_vs_nmarkers_2/batch_0/ascot_sdcc_workflow_runner-9e4ef1b0-6c3c-4622-af83-dc2fb7d5f9c2,0
6.09,0.8,0.0,6.9,23058.483396655738,7.681816030962344e+19,120667.91425653326,4938324.100642247,5616936.091043773,0.0002,0.0006,34.849856,11.420744,True,True,10000,280,/scratch/project_2013233/enchanted_plugins/data/ascot_DT-D_CurrentDrive_noise_vs_nmarkers_2/batch_0/ascot_sdcc_workflow_runner-a7c65611-5670-4e96-9740-61d8ddd4dc72,0
15.36,0.39,0.0,15.75,25636.865859606965,7.712107156341345e+19,121372.09286531119,4986929.632780981,5549441.815444787,0.001996,0.0,34.849856,11.420744,True,True,1000,180,/scratch/project_2013233/enchanted_plugins/data/ascot_DT-D_CurrentDrive_noise_vs_nmarkers_2/batch_0/ascot_sdcc_workflow_runner-ae2bd54e-78d3-4a39-ba37-bc8a2e1ac930,0
6.97,0.27,0.0,7.25,25639.95379976311,7.918232032439111e+19,125188.27341767508,5091080.560777598,5641880.99063854,0.0,0.0,34.849856,11.420744,True,True,1000,279,/scratch/project_2013233/enchanted_plugins/data/ascot_DT-D_CurrentDrive_noise_vs_nmarkers_2/batch_0/ascot_sdcc_workflow_runner-07c9d6dd-9e15-4357-aa6e-caeafde7e82a,0
11.47,0.71,0.0,12.18,21794.13468321416,7.684468320175338e+19,120016.959334574,4941026.670100821,5622326.592422514,0.0,0.0006,34.849856,11.420744,True,True,10000,274,/scratch/project_2013233/enchanted_plugins/data/ascot_DT-D_CurrentDrive_noise_vs_nmarkers_2/batch_0/ascot_sdcc_workflow_runner-95d1b0e4-66be-4f7f-8c5d-317e5ff87ab2,0
7.33,0.27,0.0,7.6,38461.45180803308,7.840287447307162e+19,127918.63533200636,5046308.142835536,5624920.460459277,0.0,0.0,34.849856,11.420744,True,True,1000,291,/scratch/project_2013233/enchanted_plugins/data/ascot_DT-D_CurrentDrive_noise_vs_nmarkers_2/batch_0/ascot_sdcc_workflow_runner-cee82f44-7050-444f-8a84-ef096052ad2a,0
7.08,0.33,0.0,7.41,38466.807915317244,7.612046268672736e+19,117732.82910020373,4903859.447409243,5562475.11986594,0.0,0.0,34.849856,11.420744,True,True,1000,294,/scratch/project_2013233/enchanted_plugins/data/ascot_DT-D_CurrentDrive_noise_vs_nmarkers_2/batch_0/ascot_sdcc_workflow_runner-3f2907b5-af2c-4d36-b308-f5ba5e3ee0aa,0
7.8,0.72,0.0,8.52,24358.2825991472,7.687060438561495e+19,123121.75257071026,4937071.307599674,5575211.43535025,0.0004,0.0,34.849856,11.420744,True,True,10000,289,/scratch/project_2013233/enchanted_plugins/data/ascot_DT-D_CurrentDrive_noise_vs_nmarkers_2/batch_0/ascot_sdcc_workflow_runner-bae5d3a0-b7a2-4a22-ac33-0a26a20447bb,0
9.2,0.28,0.0,9.48,0.0,7.893830318415192e+19,122866.09138025694,5098759.49442114,5578636.499984559,0.0,0.0,34.849856,11.420744,True,True,1000,273,/scratch/project_2013233/enchanted_plugins/data/ascot_DT-D_CurrentDrive_noise_vs_nmarkers_2/batch_0/ascot_sdcc_workflow_runner-a9c902dc-6d8f-4b32-8f6e-a125e67c6e0d,0
14.74,5.46,0.0,20.2,32299.63125444939,7.692250952746322e+19,121971.3498548626,4942364.960110223,5590664.300143086,0.0001,0.00024,34.849856,11.420744,True,True,100000,269,/scratch/project_2013233/enchanted_plugins/data/ascot_DT-D_CurrentDrive_noise_vs_nmarkers_2/batch_0/ascot_sdcc_workflow_runner-1d30ece4-d695-4957-8b55-0d641cf076db,0
6.49,0.8,0.0,7.28,26922.78798851595,7.71036308392982e+19,121590.95108285085,4953260.2482108055,5560098.530275817,0.0004,0.0,34.849856,11.420744,True,True,10000,295,/scratch/project_2013233/enchanted_plugins/data/ascot_DT-D_CurrentDrive_noise_vs_nmarkers_2/batch_0/ascot_sdcc_workflow_runner-93e449fe-9ddc-4cf2-a2a4-b35443aae20f,0
12.05,5.49,0.0,17.54,27816.19214515337,7.727707016510754e+19,122995.62593440231,4969678.548969011,5595864.096398052,0.00026,0.00018,34.849856,11.420744,True,True,100000,278,/scratch/project_2013233/enchanted_plugins/data/ascot_DT-D_CurrentDrive_noise_vs_nmarkers_2/batch_0/ascot_sdcc_workflow_runner-2c1b6295-a693-44ed-8278-9d811dcb4d2c,0
9.07,5.53,0.0,14.61,28836.983053521708,7.73212161692617e+19,122148.54726844345,4970265.195458267,5617843.9522505915,0.00028,0.0002,34.849856,11.420744,True,True,100000,284,/scratch/project_2013233/enchanted_plugins/data/ascot_DT-D_CurrentDrive_noise_vs_nmarkers_2/batch_0/ascot_sdcc_workflow_runner-30b70f26-8be4-4499-838b-c38d5453e6f2,0
7.39,0.84,0.0,8.23,32047.96402016238,7.712452664588472e+19,122345.02243336373,4964990.181437212,5622910.928864605,0.0,0.0002,34.849856,11.420744,True,True,10000,292,/scratch/project_2013233/enchanted_plugins/data/ascot_DT-D_CurrentDrive_noise_vs_nmarkers_2/batch_0/ascot_sdcc_workflow_runner-60d630a9-586c-4c88-8df8-60b257c7212b,0
8.9,5.5,0.0,14.41,27557.719190305197,7.720514818704492e+19,122616.95388653861,4966927.546147562,5589830.231897185,0.00024,0.00016,34.849856,11.420744,True,True,100000,260,/scratch/project_2013233/enchanted_plugins/data/ascot_DT-D_CurrentDrive_noise_vs_nmarkers_2/batch_0/ascot_sdcc_workflow_runner-095b2389-8955-4b7c-94ba-f57a3db293c1,0
8.52,0.29,0.0,8.81,25629.378218381542,7.715296785802273e+19,117802.22950359361,4954335.62055102,5751256.07566725,0.0,0.0,34.849856,11.420744,True,True,1000,297,/scratch/project_2013233/enchanted_plugins/data/ascot_DT-D_CurrentDrive_noise_vs_nmarkers_2/batch_0/ascot_sdcc_workflow_runner-e6af4967-2744-4eae-b25c-3ac08eb73194,0
6.81,0.72,0.0,7.53,16654.255689309026,7.687189032384268e+19,121771.276308408,4943061.097870326,5575963.4507178925,0.0002,0.0,34.849856,11.420744,True,True,10000,229,/scratch/project_2013233/enchanted_plugins/data/ascot_DT-D_CurrentDrive_noise_vs_nmarkers_2/batch_0/ascot_sdcc_workflow_runner-96ecd85b-7400-4480-87f3-de05ce1b0134,0
25.57,0.27,0.0,25.85,12823.241400768811,7.656936945038991e+19,118492.44491915691,4947013.175260487,5559632.220840234,0.0,0.0,34.849856,11.420744,True,True,1000,267,/scratch/project_2013233/enchanted_plugins/data/ascot_DT-D_CurrentDrive_noise_vs_nmarkers_2/batch_0/ascot_sdcc_workflow_runner-13472918-0f02-4a86-a20a-a25435f519dd,0
7.95,0.72,0.0,8.67,24356.704494001515,7.717315781492254e+19,121308.73369068709,4957382.035361906,5627700.626534379,0.0002,0.0002,34.849856,11.420744,True,True,10000,286,/scratch/project_2013233/enchanted_plugins/data/ascot_DT-D_CurrentDrive_noise_vs_nmarkers_2/batch_0/ascot_sdcc_workflow_runner-bc764198-3175-423a-a7f1-128f7c8b0bec,0
7.45,5.48,0.0,12.93,31021.553342647327,7.725905909434255e+19,122195.26481715728,4967929.543344443,5598475.710988374,0.00048,0.00016,34.849856,11.420744,True,True,100000,290,/scratch/project_2013233/enchanted_plugins/data/ascot_DT-D_CurrentDrive_noise_vs_nmarkers_2/batch_0/ascot_sdcc_workflow_runner-3293c121-0edb-47a0-b6f9-11675e8a870c,0
8.36,5.49,0.0,13.86,29223.53239153705,7.721672026510818e+19,122587.35532157592,4964979.60074484,5618970.307188337,0.00016,0.00022,34.849856,11.420744,True,True,100000,299,/scratch/project_2013233/enchanted_plugins/data/ascot_DT-D_CurrentDrive_noise_vs_nmarkers_2/batch_0/ascot_sdcc_workflow_runner-01b1db37-aafa-4dcd-81e0-901cf851b16d,0
7.22,5.47,0.0,12.7,29734.468580076922,7.701528562995739e+19,121911.27891616852,4949705.871189112,5610086.752105468,0.00024,6e-05,34.849856,11.420744,True,True,100000,287,/scratch/project_2013233/enchanted_plugins/data/ascot_DT-D_CurrentDrive_noise_vs_nmarkers_2/batch_0/ascot_sdcc_workflow_runner-cab575a7-36c6-409b-9518-068a8d0253ed,0
70.53,0.29,0.0,70.82,38451.74873491698,7.659971263583647e+19,121146.72676375412,4922160.024753936,5684608.847902068,0.0,0.0,34.849856,11.420744,True,True,1000,177,/scratch/project_2013233/enchanted_plugins/data/ascot_DT-D_CurrentDrive_noise_vs_nmarkers_2/batch_0/ascot_sdcc_workflow_runner-ea1edc2d-1ed0-4091-973f-8bc3de3f4bb8,0
13.52,5.51,0.0,19.03,26885.15666838332,7.698806304368124e+19,121944.23251040337,4950551.932167778,5608909.614027239,0.00026,0.00022,34.849856,11.420744,True,True,100000,281,/scratch/project_2013233/enchanted_plugins/data/ascot_DT-D_CurrentDrive_noise_vs_nmarkers_2/batch_0/ascot_sdcc_workflow_runner-b1b0f66f-7707-48e4-a452-82d5f77f755e,0
12.51,5.47,0.0,17.98,28962.554765515957,7.71001626559485e+19,122474.7928248845,4953882.657620297,5613227.383123082,0.0002,0.00022,34.849856,11.420744,True,True,100000,275,/scratch/project_2013233/enchanted_plugins/data/ascot_DT-D_CurrentDrive_noise_vs_nmarkers_2/batch_0/ascot_sdcc_workflow_runner-0a5529ec-46c2-4c36-8ef3-3e18a90adcca,0
8.71,5.49,0.0,14.2,29607.323711373425,7.706753252974756e+19,122244.95659703205,4954284.26934913,5602299.388423856,0.00032,0.0002,34.849856,11.420744,True,True,100000,293,/scratch/project_2013233/enchanted_plugins/data/ascot_DT-D_CurrentDrive_noise_vs_nmarkers_2/batch_0/ascot_sdcc_workflow_runner-db8eb19a-62a9-4797-8679-5e8613078faa,0
15.41,0.71,0.0,16.11,26910.720459752058,7.734969297013211e+19,122961.48491543102,4974653.839616504,5559778.3570305,0.0002,0.0,34.849856,11.420744,True,True,10000,298,/scratch/project_2013233/enchanted_plugins/data/ascot_DT-D_CurrentDrive_noise_vs_nmarkers_2/batch_0/ascot_sdcc_workflow_runner-ec1dd902-f776-419c-be3d-7feb73806581,0
9.39,5.47,0.0,14.86,27944.872707124967,7.696725340867207e+19,122068.39027799557,4950987.749006847,5586655.51997521,0.00024,8e-05,34.849856,11.420744,True,True,100000,296,/scratch/project_2013233/enchanted_plugins/data/ascot_DT-D_CurrentDrive_noise_vs_nmarkers_2/batch_0/ascot_sdcc_workflow_runner-1637000c-a604-4081-a442-2c873d378d96,0
