success,te0,teav,output_shine_inj1,shine_inj2,clean_time_min,run_time_min,bbnbi_n_markers,index,run_dir,batch_num
True,64.165598,20.526499,0.375,0.444444,0.0003712018330891927,6.857213207085928,10,20,/tmp/ShineRunner-ad4b4da0-e1c8-4c20-9f24-b11ab37cdcc0,0
True,64.165598,20.526499,0.180328,0.180328,0.00042590697606404625,6.786812937259674,100,66,/tmp/ShineRunner-f19e207c-99fa-4d9c-a5e9-d35bc9391ca0,0
True,64.165598,20.526499,0.180328,0.180328,0.0004543383916219076,6.794753487904867,100,36,/tmp/ShineRunner-0f3bf254-5a7e-4517-b273-5757fc870290,0
True,64.165598,20.526499,0.166667,0.166667,0.0005577882130940755,6.795576663812001,10,50,/tmp/ShineRunner-fb334eb0-37e0-4027-9f88-2543241e7e17,0
True,64.165598,20.526499,0.285714,0.444444,0.0005002339680989583,6.797270588080088,10,40,/tmp/ShineRunner-ad7a2bc5-e617-4a7d-9c5f-43a772498b4a,0
True,64.165598,20.526499,0.375,0.444444,0.001179186503092448,6.807795763015747,10,70,/tmp/ShineRunner-c22aeb64-99e2-447e-a0ce-06b8fdfb711b,0
True,64.165598,20.526499,0.21875,0.324324,0.0017001867294311524,6.816220025221507,100,56,/tmp/ShineRunner-7c3728fa-d37b-4f1e-a6b8-3dc6d51f726a,0
True,64.165598,20.526499,0.285714,0.444444,0.0013724128405253092,6.816613217194875,10,60,/tmp/ShineRunner-b85fe7ab-92c6-4f89-a939-fd4d8a34cbea,0
True,64.165598,20.526499,0.21875,0.324324,0.0015963037808736165,6.802011549472809,100,76,/tmp/ShineRunner-bf31f641-de82-4619-b795-30f71b5dbede,0
True,64.165598,20.526499,0.295775,0.152542,0.0016677379608154297,6.903311816851298,100,6,/tmp/ShineRunner-a06a7256-c07b-437d-a5f4-816b6b56933f,0
True,64.165598,20.526499,0.264706,0.21875,0.0010894378026326498,6.8878702561060585,100,26,/tmp/ShineRunner-9f7dc9c1-6740-47f7-9874-d4b3af52ea28,0
True,64.165598,20.526499,0.253731,0.21875,0.0014989336331685385,6.823632685343425,100,46,/tmp/ShineRunner-765f4be2-8aee-4a5f-8a37-f7a9f757dd24,0
True,64.165598,20.526499,0.253731,0.21875,0.001105169455210368,6.798942037423452,100,106,/tmp/ShineRunner-0764c296-ad70-4bfc-8647-2e69fd3fe0c8,0
True,64.165598,20.526499,0.264706,0.21875,0.0014967719713846843,6.804529658953348,100,86,/tmp/ShineRunner-db5d99c6-6f39-4f17-b2b6-eefaa2b4b658,0
True,64.165598,20.526499,0.166667,0.166667,0.0010191082954406738,6.807312182585398,10,80,/tmp/ShineRunner-f651618a-963c-4d57-8d21-d6d55ffd3e3b,0
True,64.165598,20.526499,0.193548,0.285714,0.0018043597539265952,6.8037324468294775,100,96,/tmp/ShineRunner-b8f3113a-68f7-4f29-8565-10af4648c6b6,0
True,64.165598,20.526499,0.0,0.166667,0.0022568424542744954,6.911735089619954,10,0,/tmp/ShineRunner-445c4164-8c80-4946-ac52-ed0d98177f79,0
True,64.165598,20.526499,0.265786,0.269006,0.0012427250544230144,6.909922277927398,1000,12,/tmp/ShineRunner-7e298b1a-55cb-40b1-a633-0a4b3c46bcce,0
True,64.165598,20.526499,0.234303,0.233129,0.0012698968251546223,6.896654669443766,1000,22,/tmp/ShineRunner-33321c4e-e094-4e42-ae19-9f10e54d813b,0
True,64.165598,20.526499,0.375,0.0,0.0006943702697753906,6.903133455912272,10,30,/tmp/ShineRunner-30e61176-ed4d-4b88-b44c-3d7ef07f8941,0
True,64.165598,20.526499,0.0,0.285714,0.0009935498237609863,6.818914175033569,10,90,/tmp/ShineRunner-45bc6097-14ae-4145-b993-c8c7c154f066,0
True,64.165598,20.526499,0.0,0.166667,0.0010634144147237143,6.81831994454066,10,100,/tmp/ShineRunner-0c5aa10e-a6b4-4474-8021-f80ffc759eb8,0
True,64.165598,20.526499,0.5,0.545455,0.00201116402943929,6.949114815394084,10,10,/tmp/ShineRunner-9ab325d9-12a8-44ee-9be9-8dc79633def8,0
True,64.165598,20.526499,0.240122,0.222395,0.002780481179555257,6.876026093959808,1000,62,/tmp/ShineRunner-77387bc8-c1f9-4740-94b4-0c69176fe993,0
True,64.165598,20.526499,0.24357,0.249249,0.0024221022923787434,6.889684800306956,1000,42,/tmp/ShineRunner-4277e249-71ee-4473-a389-45e50a4d9464,0
True,64.165598,20.526499,0.240122,0.222395,0.001321113109588623,6.8912890513738,1000,52,/tmp/ShineRunner-897fe8b8-b378-4284-83ea-11163fea0c0b,0
True,64.165598,20.526499,0.25816,0.229584,0.0021827658017476398,6.889944465955098,1000,72,/tmp/ShineRunner-cc6dee89-748c-480d-8834-433baabe1248,0
True,64.165598,20.526499,0.260355,0.237805,0.0018694599469502766,7.004457135995229,1000,2,/tmp/ShineRunner-6bf3cf48-fae0-4911-97b3-84f60017f9f3,0
True,64.165598,20.526499,0.25816,0.229584,0.0018003424008687337,7.006878972053528,1000,32,/tmp/ShineRunner-380cc102-5120-4ed1-9ebe-3705ded5b8e0,0
True,64.165598,20.526499,0.240122,0.222395,0.001990671952565511,6.921869619687398,1000,82,/tmp/ShineRunner-53b79471-1e45-4b36-ab9f-7eb15936b67a,0
True,64.165598,20.526499,0.245852,0.260355,0.001403045654296875,6.9198414047559105,1000,102,/tmp/ShineRunner-e4b99e2b-3be0-4484-b320-68cfe2fbb334,0
True,64.165598,20.526499,0.285714,0.242424,0.0017818848292032877,7.033071458339691,100,16,/tmp/ShineRunner-c7422d68-b5c5-4fd9-b2a7-e7b09a095c03,0
True,64.165598,20.526499,0.242424,0.224806,0.002173042297363281,6.956892959276835,1000,92,/tmp/ShineRunner-d4a171d2-f2d7-41fb-8bd5-8c66c9964b85,0
True,64.165598,20.526499,0.250824,0.243112,0.0011593937873840333,7.957988083362579,10000,38,/tmp/ShineRunner-c4f75f46-1a09-4f06-b32f-a2d55663230d,0
True,64.165598,20.526499,0.256727,0.236525,0.001140749454498291,7.9925702253977455,10000,48,/tmp/ShineRunner-62173e96-cae3-4649-812f-74bad22d4804,0
True,64.165598,20.526499,0.248685,0.249362,0.0008990645408630371,8.111753058433532,10000,8,/tmp/ShineRunner-10a6f857-36fc-443c-ae4d-a1325174b611,0
True,64.165598,20.526499,0.247668,0.241505,0.0017441511154174805,8.03182512919108,10000,58,/tmp/ShineRunner-20b82553-8cce-48b2-bbb7-d4506a21088a,0
True,64.165598,20.526499,0.247668,0.241505,0.0016524831453959147,8.02780077457428,10000,68,/tmp/ShineRunner-8364092e-d9c5-4136-8553-1f20e0199e47,0
True,64.165598,20.526499,0.247668,0.241505,0.001501011848449707,8.10015941063563,10000,28,/tmp/ShineRunner-fa8245bc-62e8-44c9-9d06-cb23f1afa302,0
True,64.165598,20.526499,0.256727,0.236525,0.0010119120279947916,8.041834191481273,10000,108,/tmp/ShineRunner-9499aa5f-0d05-4e82-96be-430cf1401b36,0
True,64.165598,20.526499,0.253062,0.234069,0.0012382666269938152,8.042841271559398,10000,98,/tmp/ShineRunner-dd950533-2bda-49bf-a25e-aab6a836d96d,0
True,64.165598,20.526499,0.256727,0.236525,0.001128073533376058,8.046613625685374,10000,88,/tmp/ShineRunner-c555e385-8c82-4448-a925-96147fbf12ab,0
True,64.165598,20.526499,0.251721,0.235474,0.0010081013043721518,8.048025314013163,10000,78,/tmp/ShineRunner-f36303bd-8a4b-4944-a766-1717e552b662,0
True,64.165598,20.526499,0.261884,0.240699,0.0008556683858235677,8.207267141342163,10000,18,/tmp/ShineRunner-450e8905-f6f1-4a01-9756-6bf842554cf0,0
True,64.165598,20.526499,0.295775,0.275362,0.0004848917325337728,5.697173118591309,100,51,/tmp/ShineRunner-e41ea588-f976-4947-bce4-932d2a9f8474,0
True,64.165598,20.526499,0.315068,0.295775,0.0005430221557617187,5.674114100138346,100,71,/tmp/ShineRunner-8683f7f9-f574-43d3-af74-cd9c312e79b1,0
True,64.165598,20.526499,0.242424,0.166667,0.0004629929860432943,5.708099218209584,100,21,/tmp/ShineRunner-ebea7393-071c-48db-b449-86b2f0e0e74f,0
True,64.165598,20.526499,0.224806,0.24357,0.0004996975262959798,5.708579973379771,1000,67,/tmp/ShineRunner-0747189f-1279-4b58-8bf6-a1850bfa7cf8,0
True,64.165598,20.526499,0.253731,0.230769,0.0005070924758911133,5.679353467623392,1000,7,/tmp/ShineRunner-ea0ff7fc-6eb7-4a1c-9108-49cf2624120e,0
True,64.165598,20.526499,0.241275,0.266862,0.0005231142044067383,5.687072459856669,1000,57,/tmp/ShineRunner-1f1ee5f0-70f0-4f6c-8df2-be5d5edc519f,0
True,64.165598,20.526499,0.180328,0.242424,0.0006046692530314127,5.6787655035654705,100,81,/tmp/ShineRunner-b35fa62b-4847-49a3-a589-5c7dfe14736a,0
True,64.165598,20.526499,0.269006,0.251497,0.0005471269289652506,5.684451373418172,1000,107,/tmp/ShineRunner-98f3fc18-7e5e-4cb9-8427-4f8af1cf27c4,0
True,64.165598,20.526499,0.180328,0.180328,0.0005801916122436523,5.716346911589304,100,41,/tmp/ShineRunner-fdde4f0d-5d27-45f9-9221-bf88813bacad,0
True,64.165598,20.526499,0.262537,0.261448,0.0005829135576883951,5.689001556237539,1000,47,/tmp/ShineRunner-0db8d151-f525-4718-a847-2f17d2310509,0
True,64.165598,20.526499,0.230769,0.315068,0.0005829373995463054,5.686825136343638,100,1,/tmp/ShineRunner-47389a17-bb21-4247-b4bb-0994f5e846bd,0
True,64.165598,20.526499,0.21875,0.295775,0.0006336530049641927,5.684732913970947,100,31,/tmp/ShineRunner-1b7c3dbc-c1a5-4b2e-be63-1298c3533a73,0
True,64.165598,20.526499,0.305556,0.285714,0.0005270799001057942,5.70326335032781,100,61,/tmp/ShineRunner-717aab35-d836-4f22-9e3f-4b4ae141b50d,0
True,64.165598,20.526499,0.295775,0.253731,0.0006478706995646159,5.681788365046184,100,101,/tmp/ShineRunner-2d3168dc-0655-499d-a59c-33dc7f479704,0
True,64.165598,20.526499,0.333333,0.295775,0.0006438732147216797,5.684732004006704,100,91,/tmp/ShineRunner-5aca9197-26c7-4349-af28-3dbde5792262,0
True,64.165598,20.526499,0.252616,0.264706,0.0005803346633911133,5.706883478164673,1000,27,/tmp/ShineRunner-09f7753c-e4de-46e4-bd54-d5a7e51487e6,0
True,64.165598,20.526499,0.273256,0.212598,0.0006461222966512044,5.702955985069275,1000,97,/tmp/ShineRunner-e0069101-5a0d-4602-a19a-a1131bf4494a,0
True,64.165598,20.526499,0.222395,0.250375,0.0006667653719584147,5.710202165444692,1000,87,/tmp/ShineRunner-47c28c7d-4554-4399-a726-c5a00cfa78c9,0
True,64.165598,20.526499,0.269006,0.230769,0.00057373046875,5.766018064816793,1000,37,/tmp/ShineRunner-e581ebef-daaa-4a42-a36d-ad0ae7447e85,0
True,64.165598,20.526499,0.24357,0.227202,0.0005331079165140788,5.764761793613434,1000,77,/tmp/ShineRunner-821ef43c-d10e-4833-b1bc-c3e7cb10bfac,0
True,64.165598,20.526499,0.193548,0.230769,0.0004729827245076497,5.7326690276463825,100,11,/tmp/ShineRunner-509d27e7-2d12-458a-9c1f-1e4d1bf5039b,0
True,64.165598,20.526499,0.254177,0.249812,0.0018066088358561197,6.824348815282186,10000,73,/tmp/ShineRunner-f7b43eff-fee5-4576-b6e2-c27bfddac8f7,0
True,64.165598,20.526499,0.230769,0.213836,0.0014155228932698567,6.761404351393382,1000,17,/tmp/ShineRunner-1a1e6ca4-b6b1-4d5d-bc79-21dfc56abfca,0
True,64.165598,20.526499,0.254177,0.238153,0.0012444257736206055,6.817981290817261,10000,33,/tmp/ShineRunner-98970ab8-d85f-4a60-a687-8af00c6f8361,0
True,64.165598,20.526499,0.252169,0.242654,0.0005392471949259441,6.876401694615682,10000,63,/tmp/ShineRunner-95f6a929-8380-45b7-aed5-2bf31acb5cdb,0
True,64.165598,20.526499,0.247668,0.248911,0.0004925847053527832,6.869702088832855,10000,43,/tmp/ShineRunner-55e3dd39-da33-41d5-8b80-2b2128acb6f1,0
True,64.165598,20.526499,0.255177,0.248911,0.0014068047205607096,6.83937429189682,10000,103,/tmp/ShineRunner-eeb46471-7fcb-40d0-a59c-2e3ed95e74e1,0
True,64.165598,20.526499,0.254732,0.245511,0.0016497135162353515,6.891543932755789,10000,53,/tmp/ShineRunner-dc978c23-d138-4ad6-9660-16ad04569df2,0
True,64.165598,20.526499,0.25893,0.244827,0.0014297644297281901,6.856447728474935,10000,3,/tmp/ShineRunner-5f71ce5e-4bef-4b91-9aed-61f86f198446,0
True,64.165598,20.526499,0.248346,0.237572,0.000947113831837972,6.819259591897329,10000,93,/tmp/ShineRunner-10a56f7e-89fa-4d1e-a55b-109b61763a67,0
True,64.165598,20.526499,0.249925,0.238153,0.0011124809583028157,6.860488601525625,10000,83,/tmp/ShineRunner-15533fac-1ef4-49ea-9385-bb3059374dc6,0
True,64.165598,20.526499,0.25838,0.226246,0.0009846170743306479,7.022499036788941,10000,13,/tmp/ShineRunner-085fe112-690f-46f8-8389-43e554a95b5a,0
True,64.165598,20.526499,0.246988,0.251945,0.0007894555727640788,7.023075723648072,10000,23,/tmp/ShineRunner-3a78cc19-201c-44f2-800b-8003706a7e6c,0
True,64.165598,20.526499,0.252359,0.241436,0.0011801044146219888,14.043943234284718,100000,44,/tmp/ShineRunner-64402319-6874-4df9-904c-5f502c7a77c4,0
True,64.165598,20.526499,0.254521,0.243925,0.0014457345008850099,14.046075065930685,100000,34,/tmp/ShineRunner-a8b2cf06-612b-4934-b301-a923ecb7f6e3,0
True,64.165598,20.526499,0.255753,0.240606,0.0011063575744628905,14.043335847059886,100000,64,/tmp/ShineRunner-6ebea885-4f60-4eb2-a0fc-573ec79d85f5,0
True,64.165598,20.526499,0.252247,0.242631,0.0008828322092692058,14.138608622550965,100000,4,/tmp/ShineRunner-784b1d25-4489-44d0-b700-48e81fdbbb41,0
True,64.165598,20.526499,0.252023,0.241999,0.0019333402315775553,14.039980943997701,100000,74,/tmp/ShineRunner-7c474533-2bae-43b4-a932-647d8b35b28c,0
True,64.165598,20.526499,0.252359,0.241436,0.0011057138442993164,14.045416676998139,100000,84,/tmp/ShineRunner-d2d89ea1-cd2a-45e4-8f97-b95ddd934859,0
True,64.165598,20.526499,0.254521,0.243925,0.0013906478881835938,14.130514522393545,100000,54,/tmp/ShineRunner-9a51c0d4-585a-4c98-9561-336af681692b,0
True,64.165598,20.526499,0.25421,0.239856,0.00155486265818278,14.12295910914739,100000,104,/tmp/ShineRunner-3e837d61-16c8-47bb-a647-733e62408e00,0
True,64.165598,20.526499,0.252571,0.244234,0.001236875851949056,14.205747254689534,100000,94,/tmp/ShineRunner-27fad063-48f4-40cd-9e5a-a3d8672ee964,0
True,64.165598,20.526499,0.252023,0.241999,0.0014106671015421549,14.304805878798167,100000,14,/tmp/ShineRunner-f618fe8a-b5ee-4c88-ae36-baf30340ad4b,0
True,64.165598,20.526499,0.253887,0.242791,0.0004121144612630208,15.27174102862676,100000,24,/tmp/ShineRunner-be17eb5c-9f28-456c-8206-e3d27b0171cf,0
True,64.165598,20.526499,0.242424,0.253731,0.0010190248489379884,4.901077612241109,100,121,/tmp/ShineRunner-4c156b4b-7692-4403-9966-1e0e85700e2d,0
True,64.165598,20.526499,0.180328,0.230769,0.0012467424074808755,4.979952239990235,100,111,/tmp/ShineRunner-c4e5d6cc-f2e0-44bd-bd3e-ca39f63b6faf,0
True,64.165598,20.526499,0.324324,0.264706,0.0009236653645833333,4.975610681374868,100,116,/tmp/ShineRunner-ab09641d-8891-46e2-bd3f-e3d84dd709db,0
True,64.165598,20.526499,0.444444,0.375,0.0015968004862467447,4.989323822657267,10,115,/tmp/ShineRunner-76546c03-b0a8-4d72-b571-052120fd1e1f,0
True,64.165598,20.526499,0.166667,0.21875,0.0011223753293355305,5.0035208861033125,100,131,/tmp/ShineRunner-6dce413f-9dd1-46e0-a110-d058fcacf17e,0
True,64.165598,20.526499,0.166667,0.285714,0.0009754379590352376,4.999847960472107,10,120,/tmp/ShineRunner-6ed91c2a-d2af-4d66-852d-50365e1bc9e2,0
True,64.165598,20.526499,0.180328,0.275362,0.001173110802968343,5.013967188199361,100,126,/tmp/ShineRunner-399d727f-57b9-4558-b99a-8070a1b5b9d5,0
True,64.165598,20.526499,0.285714,0.166667,0.0012224396069844565,5.00405048529307,10,125,/tmp/ShineRunner-0875d82a-85cc-4fd4-8556-c641ffb80862,0
True,64.165598,20.526499,0.272198,0.246988,0.0005992293357849121,5.013675264517466,1000,117,/tmp/ShineRunner-a9178e25-7a7f-46ab-8424-5b6a792faacb,0
True,64.165598,20.526499,0.0,0.375,0.0008446455001831054,5.042274395624797,10,110,/tmp/ShineRunner-358dfa99-0649-4ece-b160-11f1e5210f68,0
True,64.165598,20.526499,0.285714,0.375,0.0009353876113891602,5.050599102179209,10,130,/tmp/ShineRunner-ec19ca83-fa1e-4b3d-937f-071be3d67fc2,0
True,64.165598,20.526499,0.271137,0.222395,0.0009302894274393717,5.052626355489095,1000,112,/tmp/ShineRunner-6c557f23-cbf2-42de-949a-715a12e9b2f9,0
True,64.165598,20.526499,0.262537,0.266862,0.0005528966585795085,5.115709110101064,1000,122,/tmp/ShineRunner-54c7160c-9662-4cd8-9a73-c284371b48e2,0
True,64.165598,20.526499,0.279539,0.236641,0.0033734877904256183,5.504685946305593,1000,132,/tmp/ShineRunner-bdb15885-550d-48f5-ada6-aee7a67f0f47,0
True,64.165598,20.526499,0.266862,0.242883,0.0004051327705383301,5.999601511160533,10000,113,/tmp/ShineRunner-ab4a07bf-d862-4939-b38b-dbbadb58bce1,0
True,64.165598,20.526499,0.245511,0.246875,0.0008995890617370606,5.988105102380117,10000,123,/tmp/ShineRunner-3901234e-d1d8-45b1-a2ac-0e540aa10595,0
True,64.165598,20.526499,0.253509,0.250037,0.0005982796351114909,6.009593478838602,10000,118,/tmp/ShineRunner-e925d69a-02d8-414a-bcae-0bbe7337f507,0
True,64.165598,20.526499,0.285714,0.285714,0.00048480431238810223,4.956381622950236,10,135,/tmp/ShineRunner-6a69d521-ac91-4942-a4fb-30aeb9aaaad6,0
True,64.165598,20.526499,0.295775,0.21875,0.0005085825920104981,5.041036558151245,100,136,/tmp/ShineRunner-93187d9e-361a-4ef7-b845-ca62c0e9d7a8,0
True,64.165598,20.526499,0.0,0.375,0.0006065090497334798,5.011124595006307,10,140,/tmp/ShineRunner-f1e3b8e3-0c0e-4cdb-b023-a58499445260,0
True,64.165598,20.526499,0.25816,0.242424,0.0005056659380594889,5.020140500863393,1000,142,/tmp/ShineRunner-9d7b745a-8bef-45dd-8196-c48896c6fd22,0
True,64.165598,20.526499,0.252616,0.241275,0.0011407971382141114,5.064958488941192,1000,137,/tmp/ShineRunner-3ff40170-fbdd-4115-8fba-14c692da725b,0
True,64.165598,20.526499,0.284692,0.233129,0.00045320590337117516,5.203815333048502,1000,127,/tmp/ShineRunner-aeeb8f49-391f-4ff1-8eee-132b40fc82a1,0
True,64.165598,20.526499,0.166667,0.166667,0.00037903785705566405,5.2658073226610815,10,65,/tmp/ShineRunner-79997c06-0340-4dff-ba46-7875f404ca51,0
True,64.165598,20.526499,0.166667,0.285714,0.00042841037114461266,5.267730855941773,10,35,/tmp/ShineRunner-5885cf4a-d553-4e52-b1f6-8ebb6a4df75c,0
True,64.165598,20.526499,0.0,0.0,0.0004303892453511556,5.2572023391723635,10,5,/tmp/ShineRunner-1a5cfa3e-bb70-4c62-82e0-25aa49466441,0
True,64.165598,20.526499,0.0,0.0,0.0004892508188883463,5.273265437285105,10,45,/tmp/ShineRunner-87649af4-3b28-45e3-bcb5-3e3f2fe245fe,0
True,64.165598,20.526499,0.285714,0.166667,0.0005618651707967122,5.191712800661723,10,55,/tmp/ShineRunner-56e85144-03d9-4e1d-a657-2d7ceb78d994,0
True,64.165598,20.526499,0.0,0.0,0.0012524684270222982,5.098513440291087,10,15,/tmp/ShineRunner-07dfc80a-58c5-4f75-a2fa-6e82ca697106,0
True,64.165598,20.526499,0.0,0.0,0.000618139902750651,5.272472433249155,10,85,/tmp/ShineRunner-0f226972-7d04-4ab0-8cd0-49061bac5e3f,0
True,64.165598,20.526499,0.166667,0.285714,0.0008730212847391764,5.30287344455719,10,75,/tmp/ShineRunner-ec654ed6-d3b8-4e3f-b067-e46d580e648a,0
True,64.165598,20.526499,0.166667,0.285714,0.0006201982498168946,5.151329481601715,10,95,/tmp/ShineRunner-ad3b6fea-2af5-499c-9650-c4b4d3f880fb,0
True,64.165598,20.526499,0.166667,0.166667,0.0005175590515136719,5.244029895464579,10,105,/tmp/ShineRunner-f5a2adc9-b51d-44a9-acab-9fc9bda688a3,0
True,64.165598,20.526499,0.285714,0.295775,0.00041644573211669923,5.6964442253112795,100,141,/tmp/ShineRunner-5b4ca8b9-9500-43ac-8d87-6130e1312fe5,0
True,64.165598,20.526499,0.264814,0.239081,0.0011693874994913736,5.802195044358571,10000,133,/tmp/ShineRunner-a51e86c3-5923-4660-97ca-5af1a5025878,0
True,64.165598,20.526499,0.255509,0.241735,0.001031192143758138,5.9291735053062435,10000,138,/tmp/ShineRunner-8d35fa42-0218-4cb1-91cd-36a87c526018,0
True,64.165598,20.526499,0.251721,0.240006,0.0010587573051452637,5.901672943433126,10000,128,/tmp/ShineRunner-ad69524c-e5f4-4937-9ef3-f5918f30e212,0
True,64.165598,20.526499,0.166667,0.166667,0.0004002571105957031,4.863008987903595,10,25,/tmp/ShineRunner-58e4b2ba-c11c-434b-8008-86ea670c8312,0
True,64.165598,20.526499,0.253085,0.243181,0.00038199424743652345,12.347498385111491,100000,69,/tmp/ShineRunner-faff3c7e-1264-435d-9169-724c713360e9,0
True,64.165598,20.526499,0.252482,0.241689,0.0004090706507364909,12.373236640294392,100000,59,/tmp/ShineRunner-a31567f4-4433-4af4-857c-60057e780c25,0
True,64.165598,20.526499,0.251665,0.241528,0.00047359466552734377,12.428971262772878,100000,49,/tmp/ShineRunner-d31336fa-1646-4c5b-8a70-d2354176cec6,0
True,64.165598,20.526499,0.253274,0.245454,0.0005975763003031412,12.374653164545695,100000,109,/tmp/ShineRunner-15f4d973-4a2a-4332-b9a9-b9ec213f4cfc,0
True,64.165598,20.526499,0.251161,0.242539,0.00047094027201334635,12.481572699546813,100000,39,/tmp/ShineRunner-ee8645a1-fbd7-444f-941a-c7798b2ff2b4,0
True,64.165598,20.526499,0.253219,0.244496,0.0005615353584289551,12.40943121512731,100000,9,/tmp/ShineRunner-2d9b32b6-f1b2-4044-9b40-40f73a8c8281,0
True,64.165598,20.526499,0.256804,0.24041,0.0005513668060302734,12.398624034722646,100000,79,/tmp/ShineRunner-3d03efbc-3023-44d0-9594-a17ffb994792,0
True,64.165598,20.526499,0.25209,0.240814,0.0005306283632914226,12.418020788828532,100000,99,/tmp/ShineRunner-9e410db5-aa0d-4da6-83bb-28cf3db051d0,0
True,64.165598,20.526499,0.251374,0.236618,0.000604259967803955,12.46279330253601,100000,29,/tmp/ShineRunner-eea72f75-4452-44f0-91f1-ec16b6948701,0
True,64.165598,20.526499,0.25411,0.241758,0.0007008512814839681,12.438818780581157,100000,89,/tmp/ShineRunner-d359bb7b-0fda-4637-804a-be5f5e2db663,0
True,64.165598,20.526499,0.253352,0.239162,0.0004909793535868327,12.448248052597046,100000,19,/tmp/ShineRunner-25a6d880-85c3-485b-8657-7a4c9003e46e,0
True,64.165598,20.526499,0.615385,0.375,0.0003506024678548177,4.656118293603261,10,155,/tmp/ShineRunner-22084723-8d2b-4766-a61a-90fbf5052cda,0
True,64.165598,20.526499,0.193548,0.193548,0.0004558761914571126,4.615455730756124,100,166,/tmp/ShineRunner-2538280f-978e-415a-874a-15a653d3d691,0
True,64.165598,20.526499,0.264706,0.333333,0.0005039294560750325,4.668949361642202,100,156,/tmp/ShineRunner-213f3eb9-65b1-4956-9a6d-46897d1fbe0f,0
True,64.165598,20.526499,0.272198,0.262537,0.0005470434824625651,4.73615421851476,1000,157,/tmp/ShineRunner-e518ec17-4a5d-4bf6-9357-7ce9618894b0,0
True,64.165598,20.526499,0.0,0.0,0.000614158312479655,4.6895323952039085,10,170,/tmp/ShineRunner-9130471f-9a75-4508-ad62-01ee2dbb9583,0
True,64.165598,20.526499,0.24812,0.241275,0.0006497263908386231,4.70757520198822,1000,167,/tmp/ShineRunner-46ebf4ba-731a-4b7c-bf6b-4d52135837a3,0
True,64.165598,20.526499,0.342105,0.350649,0.0006178538004557292,4.652254084746043,100,161,/tmp/ShineRunner-507bfb70-3fa4-42bd-a122-a8727f6181e1,0
True,64.165598,20.526499,0.255952,0.252616,0.0004457434018452962,4.693665734926859,1000,172,/tmp/ShineRunner-67a5a6bf-e91f-427c-8e4d-1bb2654e6d24,0
True,64.165598,20.526499,0.256837,0.233482,0.0004323283831278483,5.727370297908783,10000,163,/tmp/ShineRunner-209ab784-3a9b-4653-9cd0-2e9ffb6e08fe,0
True,64.165598,20.526499,0.180328,0.206349,0.0004934867223103842,4.622457063198089,100,171,/tmp/ShineRunner-4b7dac52-4bfe-4c24-92d5-b20d992b5b6f,0
True,64.165598,20.526499,0.247441,0.244713,0.0005330165227254231,5.640500462055206,10000,168,/tmp/ShineRunner-44c61a1d-1449-4b71-8b15-3c7b285ad19e,0
True,64.165598,20.526499,0.264706,0.230769,0.0004188696543375651,4.529356996218364,100,181,/tmp/ShineRunner-8a378dd2-b53f-4b53-87cc-62495a7afd41,0
True,64.165598,20.526499,0.444444,0.166667,0.00043805837631225584,4.525527302424113,10,175,/tmp/ShineRunner-470170b9-20f8-4abd-8dab-5791dbbc94e3,0
True,64.165598,20.526499,0.375,0.285714,0.0005494991938273112,4.649504828453064,10,180,/tmp/ShineRunner-fbdc2907-c93a-4627-b0cc-86d3553c2534,0
True,64.165598,20.526499,0.223602,0.259259,0.0006274700164794922,4.767465992768606,1000,182,/tmp/ShineRunner-5de4046b-5ee9-4bb2-9dab-492344126d88,0
True,64.165598,20.526499,0.375,0.545455,0.0009322444597880046,4.732548868656158,10,185,/tmp/ShineRunner-0f8198ee-b49c-49ac-b418-c30b0a102473,0
True,64.165598,20.526499,0.285714,0.166667,0.0011508782704671224,4.595272064208984,10,190,/tmp/ShineRunner-2d569142-0e1c-4c77-82db-ff894212e1d9,0
True,64.165598,20.526499,0.248685,0.247215,0.0019137144088745117,5.358357560634613,10000,173,/tmp/ShineRunner-2bd32335-5bde-47a3-adea-52554c8f8980,0
True,64.165598,20.526499,0.324324,0.264706,0.0017356475194295247,4.626755368709564,100,196,/tmp/ShineRunner-73134a73-5bd7-471a-9891-62cf9647cb98,0
True,64.165598,20.526499,0.295775,0.285714,0.0012891411781311036,4.800767759482066,100,191,/tmp/ShineRunner-57eb0766-507a-4962-aac8-6d182f7f269a,0
True,64.165598,20.526499,0.263623,0.254844,0.0019724726676940917,4.856996428966522,1000,187,/tmp/ShineRunner-bc20e551-c0b0-426e-a7cd-f823063e1429,0
True,64.165598,20.526499,0.166667,0.166667,0.0007831573486328125,4.922022223472595,10,195,/tmp/ShineRunner-bad2812d-3940-41cd-b923-fbb133e1db51,0
True,64.165598,20.526499,0.272198,0.250375,0.0009648323059082032,4.9872262636820475,1000,192,/tmp/ShineRunner-bd0203a0-199b-4731-8ca3-28e5715f75e4,0
True,64.165598,20.526499,0.275362,0.21875,0.0008784294128417969,4.755748943487803,100,186,/tmp/ShineRunner-a92d38b0-ead0-4998-aa5a-7d43b1b5d7f7,0
True,64.165598,20.526499,0.24357,0.255952,0.0005756616592407227,4.860040442148844,1000,177,/tmp/ShineRunner-270a8352-96bc-43a3-9b41-23d2345245db,0
True,64.165598,20.526499,0.262428,0.234538,0.0004926919937133789,5.740715138117472,10000,183,/tmp/ShineRunner-58a411ef-8b20-46ac-86c1-7af1242bbe04,0
True,64.165598,20.526499,0.245283,0.241505,0.00046683549880981444,5.4058615883191425,10000,193,/tmp/ShineRunner-30ec183b-c44e-4a3c-99f8-c709947bae69,0
True,64.165598,20.526499,0.252616,0.237456,0.0005137125651041666,5.418403021494547,10000,188,/tmp/ShineRunner-99410c06-c18b-4b16-90db-b104cdc9bdad,0
True,64.165598,20.526499,0.243112,0.235825,0.0005136688550313313,5.291898731390635,10000,178,/tmp/ShineRunner-1a498575-bdfc-4956-8589-0e11ac4c810f,0
True,64.165598,20.526499,0.254577,0.244176,0.0008308649063110352,12.405519119898479,100000,124,/tmp/ShineRunner-9776f24e-e359-41ec-936a-e71705e8d6df,0
True,64.165598,20.526499,0.253219,0.239948,0.0008731762568155925,12.40139749844869,100000,114,/tmp/ShineRunner-29cb95f5-98db-440d-980a-fa3b59e9cfa8,0
True,64.165598,20.526499,0.254299,0.242401,0.0005029718081156413,12.43596573273341,100000,129,/tmp/ShineRunner-cf034875-bd46-4a90-90ea-9459c4752b91,0
True,64.165598,20.526499,0.250229,0.243296,0.0006252487500508626,12.700817410151164,100000,119,/tmp/ShineRunner-bd2f248f-34a7-4dd4-afa5-1367aff48a61,0
True,64.165598,20.526499,0.166667,0.166667,0.0004407842953999837,4.8693259676297505,100,146,/tmp/ShineRunner-48fa34b8-445a-45a8-885a-9ff022610afb,0
True,64.165598,20.526499,0.166667,0.242424,0.0003989259401957194,5.864986042181651,100,176,/tmp/ShineRunner-d2110476-8e02-478c-91b2-086b8b8846b3,0
True,64.165598,20.526499,0.166667,0.285714,0.0005138595898946126,4.84901415904363,10,145,/tmp/ShineRunner-46769bb6-b30d-4863-a6a8-7b7ea3aa5fc5,0
True,64.165598,20.526499,0.270073,0.233129,0.0004154364267985026,5.230707999070486,1000,197,/tmp/ShineRunner-d2f6d9b9-f1c2-4d70-8398-5ac55bab8ff2,0
True,64.165598,20.526499,0.24357,0.226006,0.00045133431752522786,4.940565240383148,1000,147,/tmp/ShineRunner-166a36a5-ae49-4684-a8bd-7c21172917b0,0
True,64.165598,20.526499,0.253731,0.275362,0.0005394538243611653,4.842346040407817,100,151,/tmp/ShineRunner-a94e8e67-af2c-4f1d-8acb-e60e16b4ca96,0
True,64.165598,20.526499,0.5,0.166667,0.0005560239156087239,4.8763741731643675,10,150,/tmp/ShineRunner-064048ef-4c49-4db5-ac27-e3626e667541,0
True,64.165598,20.526499,0.275362,0.24357,0.0006258010864257813,4.89681560198466,1000,152,/tmp/ShineRunner-5ef1800f-6654-454e-9d6c-b30135807f8f,0
True,64.165598,20.526499,0.260574,0.238617,0.00042173862457275393,5.6054162303606665,10000,143,/tmp/ShineRunner-9466f80d-5a8e-4a70-b7c0-7ac384167690,0
True,64.165598,20.526499,0.246761,0.24208,0.0005541801452636719,5.621536060174306,10000,148,/tmp/ShineRunner-04ce5b56-c004-4756-99bf-abf643ac8ac1,0
True,64.165598,20.526499,0.257168,0.236058,0.0005478620529174805,5.560591944058737,10000,153,/tmp/ShineRunner-41f44a45-7b51-48a5-a0e1-ae97908b4c84,0
True,64.165598,20.526499,0.253207,0.241884,0.0004588127136230469,12.56038693189621,100000,134,/tmp/ShineRunner-e2a5f2f1-d982-48a5-98aa-25883a685f43,0
True,64.165598,20.526499,0.252526,0.241942,0.000562139352162679,12.55449431737264,100000,139,/tmp/ShineRunner-8e231a36-0223-4ec0-993f-0ab5e6751e0e,0
True,64.165598,20.526499,0.242424,0.305556,0.0006934920946756999,4.491221817334493,100,206,/tmp/ShineRunner-5a2ecc9e-48fb-43ae-a42b-b4f01b168e73,0
True,64.165598,20.526499,0.242424,0.090909,0.0009997924168904623,4.578165558973948,100,201,/tmp/ShineRunner-9bc939c5-bfd7-484d-9802-5a7db95e8763,0
True,64.165598,20.526499,0.285714,0.0,0.0004808227221171061,4.544888420899709,10,205,/tmp/ShineRunner-7382746c-3d24-465e-bbd9-159d4e9ffcb6,0
True,64.165598,20.526499,0.166667,0.0,0.000556639830271403,4.553258581956228,10,210,/tmp/ShineRunner-f458074e-8025-4c51-a83e-1a049d717d74,0
True,64.165598,20.526499,0.219969,0.253731,0.0005261619885762532,4.613088428974152,1000,202,/tmp/ShineRunner-c0285e8f-bca7-4642-9f75-43f496c965c2,0
True,64.165598,20.526499,0.255952,0.24357,0.0005698045094807943,4.685990496476491,1000,207,/tmp/ShineRunner-1e5879d1-419b-4436-bbf7-af18be5d57f1,0
True,64.165598,20.526499,0.285714,0.5,0.00040941635767618816,4.304667349656423,10,215,/tmp/ShineRunner-0f9d2f8e-0f9e-41e9-8420-7ed0d0fe9c85,0
True,64.165598,20.526499,0.230769,0.21875,0.0005148569742838542,4.31558156410853,100,216,/tmp/ShineRunner-b563eb10-726e-48b5-98f5-eeead1508fb7,0
True,64.165598,20.526499,0.261448,0.242424,0.000698244571685791,4.710279591878256,1000,217,/tmp/ShineRunner-a23d9711-50c6-4f88-b535-b264e6e97c9c,0
True,64.165598,20.526499,0.259259,0.240122,0.0005370457967122396,5.186612935860952,10000,198,/tmp/ShineRunner-e6fef5d0-9340-4955-959f-55d03eec6b77,0
True,64.165598,20.526499,0.256395,0.240237,0.0005163669586181641,5.212345202763875,10000,213,/tmp/ShineRunner-9158b1fd-edbd-44e6-814d-ccb2a55f0405,0
True,64.165598,20.526499,0.375,0.0,0.0006824135780334473,4.587378851572672,10,220,/tmp/ShineRunner-20e06b51-1e7e-412c-87d5-ab0021cc06c3,0
True,64.165598,20.526499,0.250824,0.234303,0.0005267024040222168,5.226515666643778,10000,208,/tmp/ShineRunner-5809f849-76cd-4f4b-b86f-916472d1b934,0
True,64.165598,20.526499,0.242424,0.253731,0.00046654939651489256,4.545028158028921,100,226,/tmp/ShineRunner-dd7a8665-5b17-44b5-8183-f73f4a82ccb0,0
True,64.165598,20.526499,0.276411,0.21875,0.0007481137911478678,4.553732895851136,1000,227,/tmp/ShineRunner-e34a4476-d07e-4cb5-9383-f37d18631120,0
True,64.165598,20.526499,0.0,0.166667,0.0007708549499511718,4.379158627986908,10,225,/tmp/ShineRunner-50720391-5aee-4a26-8220-52ec60c6031c,0
True,64.165598,20.526499,0.278499,0.235474,0.0004549304644266764,4.510546135902405,1000,222,/tmp/ShineRunner-ff2df61e-36e9-4f51-9877-5333a6e74319,0
True,64.165598,20.526499,0.257058,0.24139,0.00045475959777832033,5.353890852133433,10000,223,/tmp/ShineRunner-9dfb3e73-73a8-4481-9fb0-5fb3c007bb97,0
True,64.165598,20.526499,0.237805,0.260355,0.00038152138392130535,4.524996431668599,1000,232,/tmp/ShineRunner-f25f268e-ea1e-4fb7-93a7-10a86f907a02,0
True,64.165598,20.526499,0.0,0.5,0.0005762259165445964,4.488783327738444,10,160,/tmp/ShineRunner-22ddf98d-ed72-4ed1-b70f-2a3d73c2fa3e,0
True,64.165598,20.526499,0.253062,0.240352,0.0005837400754292806,5.237234203020732,10000,228,/tmp/ShineRunner-83140a90-c82f-4c30-bb9a-e7ac4876d6c3,0
True,64.165598,20.526499,0.245852,0.253731,0.0005681276321411133,4.493207148710886,1000,162,/tmp/ShineRunner-9a5759ac-7e67-4be8-90c1-4690f9ab16de,0
True,64.165598,20.526499,0.285714,0.0,0.0006032903989156087,4.4599206924438475,10,165,/tmp/ShineRunner-f1667447-8f4c-405c-966e-49b8aa7b7932,0
True,64.165598,20.526499,0.382716,0.206349,0.0010434667269388835,4.590124718348185,100,241,/tmp/ShineRunner-e8fb96b9-2947-405e-af52-2e4fcacb8ad8,0
True,64.165598,20.526499,0.275362,0.137931,0.0004090587298075358,4.764922964572906,100,236,/tmp/ShineRunner-2692dff6-f5dd-4c01-a0f1-e0e61740adc3,0
True,64.165598,20.526499,0.251138,0.242206,0.0005615750948588053,12.568769502639771,100000,169,/tmp/ShineRunner-ef4fd168-743f-433e-be45-6ef7858e4c89,0
True,64.165598,20.526499,0.252549,0.243341,0.0005238930384318034,12.616832427183788,100000,159,/tmp/ShineRunner-5cad8d83-4327-4e33-9294-90395978b0a4,0
True,64.165598,20.526499,0.253029,0.243719,0.0005988319714864095,12.572772324085236,100000,164,/tmp/ShineRunner-392c966b-e800-432c-a128-b5ef543c5ab3,0
True,64.165598,20.526499,0.257058,0.254844,0.0005566954612731933,4.830584188302358,1000,237,/tmp/ShineRunner-89dfc7b5-73b8-4b94-924e-28ac1e1ef471,0
True,64.165598,20.526499,0.255398,0.243685,0.0006325006484985352,5.544159519672394,10000,218,/tmp/ShineRunner-4ec28d6b-56f8-45e7-9a5b-b21f144cbfcd,0
True,64.165598,20.526499,0.217527,0.230769,0.0006304740905761719,4.758439354101816,1000,242,/tmp/ShineRunner-d0e07670-781b-40c7-a2b1-bd5c209fb502,0
True,64.165598,20.526499,0.255509,0.24208,0.0006533980369567872,5.570575924714406,10000,233,/tmp/ShineRunner-987b08cc-f5b2-4498-a80e-5bad74f843f1,0
True,64.165598,20.526499,0.375,0.166667,0.0005901734034220378,4.798044017950693,10,245,/tmp/ShineRunner-344dc2d8-248f-4164-a2ae-b0c47824f80e,0
True,64.165598,20.526499,0.375,0.166667,0.0003963947296142578,4.879271976153055,10,235,/tmp/ShineRunner-b1c87067-4582-47fd-95eb-6ef91164071b,0
True,64.165598,20.526499,0.206349,0.264706,0.0010088245073954264,4.927292617162069,100,231,/tmp/ShineRunner-0599f536-9489-4a80-b84a-82c3cf63e19f,0
True,64.165598,20.526499,0.250375,0.248911,0.0004275202751159668,5.558563176790873,10000,158,/tmp/ShineRunner-99e29b42-757f-462d-8357-b955bbc86fa5,0
True,64.165598,20.526499,0.250768,0.24109,0.00042079687118530275,12.291662871837616,100000,154,/tmp/ShineRunner-99cd25fb-d70b-4104-8e06-5b5014d81822,0
True,64.165598,20.526499,0.252504,0.240006,0.0005093693733215332,5.48797759215037,10000,243,/tmp/ShineRunner-5fdd158b-d0f3-4cbf-beae-63406dbd85c6,0
True,64.165598,20.526499,0.0,0.0,0.00045717954635620116,4.846779970328013,10,240,/tmp/ShineRunner-09358f06-7114-440e-b7fd-1cab3fd2ec39,0
True,64.165598,20.526499,0.230769,0.206349,0.000547484556833903,4.823259445031484,100,246,/tmp/ShineRunner-a9c2aeb2-9aca-4c93-8f93-acd684437667,0
True,64.165598,20.526499,0.21875,0.230769,0.0005317211151123046,4.7562859694163,100,251,/tmp/ShineRunner-ce3377e0-0942-4298-b021-b1f6276cc92b,0
True,64.165598,20.526499,0.253319,0.242734,0.0006059447924296062,12.164974681536357,100000,194,/tmp/ShineRunner-c5fc4315-a249-4407-88c8-957d0ac3404d,0
True,64.165598,20.526499,0.262537,0.240122,0.0005528450012207032,4.705224919319153,1000,252,/tmp/ShineRunner-4f57cafb-0af8-4496-9e15-73ed7a1ea05a,0
True,64.165598,20.526499,0.254444,0.243399,0.0003851811091105143,13.445720485846202,100000,174,/tmp/ShineRunner-b5aa02b7-30e3-494a-b40f-2a66b96b8022,0
True,64.165598,20.526499,0.253731,0.224806,0.0005168318748474121,4.845256046454112,1000,247,/tmp/ShineRunner-df6daff9-0328-4f11-a6c9-3afbd54ea0c7,0
True,64.165598,20.526499,0.25645,0.242677,0.0005778789520263672,12.25743499994278,100000,189,/tmp/ShineRunner-5b5d612d-7cee-4d83-8702-c03ed7b9f2e0,0
True,64.165598,20.526499,0.251497,0.238733,0.0004846374193827311,5.554644966125489,10000,248,/tmp/ShineRunner-3dcf9819-eb9d-4dea-aed9-bd3ba4b70125,0
True,64.165598,20.526499,0.251609,0.236641,0.0005323648452758789,5.434542016188304,10000,253,/tmp/ShineRunner-dc993449-7ca7-40ce-9856-c8bb7f28333e,0
True,64.165598,20.526499,0.166667,0.285714,0.0005193352699279785,4.424258458614349,10,260,/tmp/ShineRunner-7241ed2d-9362-4f40-afea-d0c249086638,0
True,64.165598,20.526499,0.252202,0.242917,0.0005265553792317708,12.366601745287577,100000,144,/tmp/ShineRunner-d04f754e-12e3-4a36-936c-f648b75d441d,0
True,64.165598,20.526499,0.248911,0.243914,0.000464328130086263,5.209942142168681,10000,258,/tmp/ShineRunner-6384188e-b564-4908-940d-0c8283d4aef2,0
True,64.165598,20.526499,0.166667,0.375,0.0004437406857808431,4.522460194428762,10,255,/tmp/ShineRunner-72fc2d9b-93d3-4bd6-a23a-f57caa7acc11,0
True,64.165598,20.526499,0.252325,0.243158,0.0005353291829427084,12.42875083287557,100000,149,/tmp/ShineRunner-54d0b9f7-df21-4c9d-83b3-0a1c5b678ede,0
True,64.165598,20.526499,0.0,0.0,0.0014062881469726562,4.376933936278025,10,265,/tmp/ShineRunner-1d538eb5-ce69-4b3f-a790-b79039a60a49,0
True,64.165598,20.526499,0.25816,0.235474,0.0004148602485656738,4.510917174816131,1000,262,/tmp/ShineRunner-92a9703e-ad68-4d60-ba19-7203c4fd899a,0
True,64.165598,20.526499,0.264706,0.242424,0.0005362987518310547,4.538520578543345,100,256,/tmp/ShineRunner-b00eaea7-92f7-45ef-a6f6-2954be074300,0
True,64.165598,20.526499,0.265786,0.221184,0.0005116740862528483,4.584351003170013,1000,257,/tmp/ShineRunner-60e5b94f-9882-4418-8422-57af3c0327bf,0
True,64.165598,20.526499,0.444444,0.166667,0.0004076997439066569,4.6022141695022585,10,275,/tmp/ShineRunner-9566835e-d2ce-4bde-8a5c-3d984f03c8e4,0
True,64.165598,20.526499,0.242424,0.253731,0.0005521376927693685,4.601139469941457,100,276,/tmp/ShineRunner-4c120cdf-7403-43de-b68b-71d5a71c73ad,0
True,64.165598,20.526499,0.305556,0.137931,0.000613260269165039,4.609802639484405,100,266,/tmp/ShineRunner-04bfe0e7-8dd2-416f-850b-d45dc6d8ba6a,0
True,64.165598,20.526499,0.274311,0.24357,0.000426634152730306,4.624723013242086,1000,277,/tmp/ShineRunner-0a715cc8-ff30-4244-b8db-675881e4e25f,0
True,64.165598,20.526499,0.25125,0.24162,0.0007341424624125163,12.110979894797007,100000,199,/tmp/ShineRunner-756f8d00-416c-4fe2-81fb-9dc0e36562ab,0
True,64.165598,20.526499,0.25882,0.245625,0.0013466119766235352,5.32138957977295,10000,273,/tmp/ShineRunner-20226dbb-ccdf-4651-a942-0aac7711c597,0
True,64.165598,20.526499,0.251194,0.244016,0.000851150353749593,12.293237670262654,100000,209,/tmp/ShineRunner-1ede0a89-33d5-450a-9636-29269a930702,0
True,64.165598,20.526499,0.254177,0.238037,0.0005110502243041992,5.469654337565104,10000,263,/tmp/ShineRunner-23f66df3-24b7-4023-88bf-01ec1bf0c972,0
True,64.165598,20.526499,0.250375,0.226006,0.00043638149897257486,4.865589213371277,1000,282,/tmp/ShineRunner-8935f731-89a7-4b04-ad87-9ff05187364d,0
True,64.165598,20.526499,0.375,0.444444,0.0005391875902811687,4.6774977485338844,10,280,/tmp/ShineRunner-6bd8cdf8-af93-47f7-b310-e102b97a6121,0
True,64.165598,20.526499,0.166667,0.444444,0.000459897518157959,4.716301159063975,10,200,/tmp/ShineRunner-9a2a4a79-f59b-4a00-8dd0-0283624aa6e0,0
True,64.165598,20.526499,0.24812,0.249249,0.0005278507868448893,5.415674130121867,10000,278,/tmp/ShineRunner-ef0e17fa-72c9-4178-840b-fba07cd90dbc,0
True,64.165598,20.526499,0.21875,0.275362,0.0005258361498514812,4.722925500075022,100,271,/tmp/ShineRunner-93cc41a1-4329-4ffd-b576-0ef3bdb28ff0,0
True,64.165598,20.526499,0.255952,0.227202,0.0006477713584899902,4.7368157227834065,1000,272,/tmp/ShineRunner-5d60492d-1bfe-4c07-8f16-145eaee72624,0
True,64.165598,20.526499,0.375,0.0,0.0006032109260559082,4.713497384389242,10,285,/tmp/ShineRunner-7334074f-c90e-48ea-a9f2-80fc9b8b48ea,0
True,64.165598,20.526499,0.263623,0.238965,0.0005656917889912923,4.753067938486735,1000,287,/tmp/ShineRunner-3c550fa2-af31-4776-ad8e-beb5f3ad1bd0,0
True,64.165598,20.526499,0.230769,0.230769,0.001305242379506429,4.75441833337148,100,281,/tmp/ShineRunner-2c175c47-8ad2-4147-bf75-24880c7a0eb1,0
True,64.165598,20.526499,0.24357,0.255952,0.00038124720255533853,4.698891226450602,1000,212,/tmp/ShineRunner-6c4fbb1a-2fa5-4683-b8ba-834f760e34a7,0
True,64.165598,20.526499,0.230769,0.253731,0.0005204399426778157,4.700220064322154,100,286,/tmp/ShineRunner-613fb95e-6e5d-4617-a166-898f6450eebf,0
True,64.165598,20.526499,0.166667,0.0,0.0005031387011210124,4.619390046596527,10,290,/tmp/ShineRunner-beef18af-ce83-4a0a-9f87-fe96490348d8,0
True,64.165598,20.526499,0.257389,0.253397,0.0006406863530476888,5.49450656970342,10000,203,/tmp/ShineRunner-ad2822fd-6522-40a5-9780-e2a9db9e0b7d,0
True,64.165598,20.526499,0.245397,0.24812,0.0006954352060953776,5.607954800128937,10000,283,/tmp/ShineRunner-81a34147-95b1-4511-9574-96293e3a8810,0
True,64.165598,20.526499,0.251923,0.242057,0.0006347179412841796,12.206379183133443,100000,219,/tmp/ShineRunner-00b9ea2c-efe1-427a-8c56-78f9d31ed6da,0
True,64.165598,20.526499,0.295775,0.230769,0.0005074739456176758,4.542017960548401,100,221,/tmp/ShineRunner-b5fcf029-728a-4a80-806a-c5d3b7db6bca,0
True,64.165598,20.526499,0.166667,0.285714,0.0005263209342956543,4.648687279224395,10,230,/tmp/ShineRunner-611f8d95-1818-4673-a79b-a03174262edd,0
True,64.165598,20.526499,0.256727,0.244371,0.0005077838897705079,5.320117433865865,10000,288,/tmp/ShineRunner-14a1f487-ef1d-4138-9a82-d2ac9cc223d0,0
True,64.165598,20.526499,0.254821,0.243811,0.000532519817352295,12.048214681943257,100000,224,/tmp/ShineRunner-a675653c-f37c-4fca-8d63-c2cc83d62b18,0
True,64.165598,20.526499,0.285714,0.375,0.0014844059944152832,4.706230545043946,10,295,/tmp/ShineRunner-b0d531ee-b544-4139-bc74-b33b52baff0d,0
True,64.165598,20.526499,0.242424,0.250375,0.0005775014559427897,4.688743976751963,1000,297,/tmp/ShineRunner-275eb87b-2ec3-4fec-b523-cdc75436cb00,0
True,64.165598,20.526499,0.25199,0.242883,0.001094353199005127,12.326142652829487,100000,214,/tmp/ShineRunner-44cd0332-f52a-4cde-bb48-72db6dc10224,0
True,64.165598,20.526499,0.253731,0.324324,0.0013364871342976888,4.966655166943868,100,211,/tmp/ShineRunner-136f210f-99da-425f-8fb5-242c9d41aef8,0
True,64.165598,20.526499,0.251631,0.242539,0.0009275674819946289,12.363465146223705,100000,229,/tmp/ShineRunner-66d67c66-abb0-43dc-8907-72cb0191e034,0
True,64.165598,20.526499,0.250959,0.245237,0.0006108800570170085,12.288273282845815,100000,234,/tmp/ShineRunner-93914f25-5ed8-432f-bdf3-053c36533e5d,0
True,64.165598,20.526499,0.382716,0.253731,0.0005608677864074707,4.596515456835429,100,296,/tmp/ShineRunner-c4cdf61a-d2cf-4ae0-8b5e-6ac2fb87e2df,0
True,64.165598,20.526499,0.242424,0.324324,0.0005287965138753255,4.569719366232554,100,301,/tmp/ShineRunner-92d2134b-996d-4323-88db-e32a3dd3cc72,0
True,64.165598,20.526499,0.252951,0.236408,0.00043889681498209633,5.090580447514852,10000,293,/tmp/ShineRunner-cc2b8e0f-2f71-4149-bffa-8a469c6ae6ae,0
True,64.165598,20.526499,0.264706,0.206349,0.00044680436452229817,4.468313018480937,100,306,/tmp/ShineRunner-29363933-5865-4c02-9590-c2b8b2d7f6ab,0
True,64.165598,20.526499,0.253731,0.252616,0.0004914244016011556,4.530419647693634,1000,302,/tmp/ShineRunner-b66b1591-9e4d-412f-be9d-3a89a64ea8b2,0
True,64.165598,20.526499,0.0,0.285714,0.0005839943885803222,4.48865704536438,10,305,/tmp/ShineRunner-5fe8814b-3dc1-437e-b77f-253af80891a7,0
True,64.165598,20.526499,0.259479,0.240814,0.0004021445910135905,5.3182702700297035,10000,238,/tmp/ShineRunner-2970b57e-9b3f-4cc4-8ff7-b7547e49c2c6,0
True,64.165598,20.526499,0.260246,0.243685,0.0005234162012736003,5.263101255893707,10000,303,/tmp/ShineRunner-30fc6cf6-c341-4d23-ab81-d9b33a322d17,0
True,64.165598,20.526499,0.295775,0.305556,0.0012741923332214356,4.487923049926758,100,311,/tmp/ShineRunner-de89f292-1eca-47bf-92f7-7d588354a1a5,0
True,64.165598,20.526499,0.255376,0.239393,0.0006528019905090332,12.472700341542561,100000,244,/tmp/ShineRunner-65f7a2e2-776d-454a-995c-8ad41c81fb7e,0
True,64.165598,20.526499,0.267936,0.231951,0.0005524158477783203,4.6469885349273685,1000,312,/tmp/ShineRunner-99a4a31d-1666-472d-9c7f-c1050e69e8dc,0
True,64.165598,20.526499,0.252258,0.242917,0.00044401089350382486,12.34894926548004,100000,179,/tmp/ShineRunner-a1813299-cd10-4223-ba7b-d2d784482433,0
True,64.165598,20.526499,0.253319,0.241332,0.0006237586339314778,12.314606595039368,100000,184,/tmp/ShineRunner-daeccaea-4f2d-49ce-8bed-9d5514d6ae3f,0
True,64.165598,20.526499,0.166667,0.0,0.0006472110748291015,4.548522428671519,10,250,/tmp/ShineRunner-285dc7b9-979e-47f1-99c0-666b4220eb8e,0
True,64.165598,20.526499,0.252225,0.241401,0.000784297784169515,12.352493993441264,100000,249,/tmp/ShineRunner-655fa1d2-5afd-48a3-b195-6fd32e2ffed0,0
True,64.165598,20.526499,0.267077,0.239312,0.0003994544347127279,5.314049661159515,10000,313,/tmp/ShineRunner-9e05a6a9-0a75-438f-a616-82cb4dcefa56,0
True,64.165598,20.526499,0.253731,0.152542,0.00042288700739542644,4.590798870722453,100,316,/tmp/ShineRunner-0e042c95-cbf0-41dd-9287-4fdbd02aaa5c,0
True,64.165598,20.526499,0.285714,0.122807,0.0004556735356648763,4.5909242868423465,100,321,/tmp/ShineRunner-44a1fbf1-b583-4651-af84-bebeed174901,0
True,64.165598,20.526499,0.285714,0.166667,0.0004717071851094564,4.64729692141215,10,310,/tmp/ShineRunner-b01198de-6cfe-421a-9d9b-40cd092d93ed,0
True,64.165598,20.526499,0.444444,0.0,0.0005432883898417155,4.563260809580485,10,315,/tmp/ShineRunner-84db8eb4-32dc-4dec-8700-63e605f45316,0
True,64.165598,20.526499,0.245852,0.242424,0.0008802254994710287,4.628437642256419,1000,322,/tmp/ShineRunner-d33a888a-feaa-4c64-935e-6a16bcb48d25,0
True,64.165598,20.526499,0.375,0.166667,0.0005738377571105957,4.6162153879801435,10,325,/tmp/ShineRunner-50434fa8-1f16-42fb-b6fc-bd40cdd40408,0
True,64.165598,20.526499,0.251228,0.242883,0.00044690767923990886,12.054049837589265,100000,259,/tmp/ShineRunner-708b4698-2df4-4c62-a9cf-c23b1f81686b,0
True,64.165598,20.526499,0.267936,0.251497,0.0003833929697672526,4.706843471527099,1000,327,/tmp/ShineRunner-d0432557-cef6-407d-8566-d7984c026adb,0
True,64.165598,20.526499,0.260464,0.247781,0.0005207220713297526,5.297318339347839,10000,308,/tmp/ShineRunner-22474ed9-3b7e-4eff-b6c9-548b1105f9c6,0
True,64.165598,20.526499,0.166667,0.5,0.0005722204844156901,4.674475002288818,10,330,/tmp/ShineRunner-13763a73-0988-473b-8615-a29ef15b3e53,0
True,64.165598,20.526499,0.241275,0.241275,0.0005754709243774414,4.691562143961589,1000,332,/tmp/ShineRunner-b79f06b6-2c40-4536-a785-d972cc19a71f,0
True,64.165598,20.526499,0.252504,0.243914,0.0005383928616841634,5.4238755663235985,10000,323,/tmp/ShineRunner-2ed7eb81-0c83-4dc2-a345-5d46a6180179,0
True,64.165598,20.526499,0.242424,0.206349,0.0005355437596638997,4.500357635815939,100,261,/tmp/ShineRunner-028c2e91-3171-4f98-bbf2-b07dd453fdf1,0
True,64.165598,20.526499,0.275362,0.253731,0.0005657474199930826,4.545561051368713,100,326,/tmp/ShineRunner-4ba026bd-6d41-4f8d-8d59-2214f1e01f26,0
True,64.165598,20.526499,0.256506,0.238153,0.000507668654123942,5.314094702402751,10000,318,/tmp/ShineRunner-001cbcbe-f888-453c-ac96-541821f8e7d7,0
True,64.165598,20.526499,0.253731,0.21875,0.0005058725674947103,4.698717939853668,100,331,/tmp/ShineRunner-4aebb4c8-1e69-4ac9-a5fa-999e87f81312,0
True,64.165598,20.526499,0.166667,0.285714,0.0006897489229838054,4.7131483316421505,10,335,/tmp/ShineRunner-f0f337d4-e55d-41a9-bf93-5bb62e9f2d7b,0
True,64.165598,20.526499,0.271137,0.221184,0.0004745165506998698,4.7389452656110125,1000,267,/tmp/ShineRunner-fd3312da-659d-4f94-9aab-645a6a648a23,0
True,64.165598,20.526499,0.253921,0.241988,0.0006268461545308431,12.091855251789093,100000,269,/tmp/ShineRunner-39247393-37ef-4fd1-8911-4c2ded5c7b66,0
True,64.165598,20.526499,0.166667,0.285714,0.0006811857223510742,4.348266979058583,10,270,/tmp/ShineRunner-5909890f-a10a-42bd-93b5-50544891f488,0
True,64.165598,20.526499,0.0,0.375,0.0005208730697631836,4.397741719086965,10,340,/tmp/ShineRunner-3479598e-18e5-4d5a-be03-c7a5e3e9ad89,0
True,64.165598,20.526499,0.2506,0.236874,0.0004831711451212565,5.282326038678487,10000,338,/tmp/ShineRunner-0f8874ca-1ed0-4b92-8f45-82bee070bbd6,0
True,64.165598,20.526499,0.315068,0.242424,0.0003299077351888021,5.01634540160497,100,336,/tmp/ShineRunner-90e42cae-b427-4259-8f6a-ecd0abe2f1e0,0
True,64.165598,20.526499,0.253631,0.242723,0.0004373788833618164,12.375475331147511,100000,274,/tmp/ShineRunner-29129477-6f42-4e9f-9d15-73969668db1a,0
True,64.165598,20.526499,0.137931,0.275362,0.0005804816881815593,4.493523768583933,100,341,/tmp/ShineRunner-b8084c3a-5202-4457-be47-8bfd18df3f7c,0
True,64.165598,20.526499,0.315068,0.230769,0.0004839539527893066,4.337300848960877,100,346,/tmp/ShineRunner-6dab9a5d-2a5a-434d-a1fe-2acd91d026aa,0
True,64.165598,20.526499,0.257279,0.243799,0.0005580902099609375,5.489153079191843,10000,333,/tmp/ShineRunner-715379ee-97c8-4c47-a682-e6bd4d5759a0,0
True,64.165598,20.526499,0.249137,0.24812,0.0005373477935791016,5.216348044077555,10000,268,/tmp/ShineRunner-007e4056-e4f7-43c1-9c8e-9247608e6c4b,0
True,64.165598,20.526499,0.251015,0.240583,0.0005210717519124349,12.142581673463186,100000,204,/tmp/ShineRunner-0ae4032c-1290-4c87-8b4d-c500faa861b5,0
True,64.165598,20.526499,0.254199,0.242149,0.00041329463322957357,12.255892391999563,100000,284,/tmp/ShineRunner-039c7d65-43b0-4ec3-b0ad-200444912b23,0
True,64.165598,20.526499,0.261448,0.201278,0.0004593809445699056,4.405606130758922,1000,342,/tmp/ShineRunner-b85eba56-d1cf-4b43-aa91-74509dec17f8,0
True,64.165598,20.526499,0.166667,0.285714,0.001402592658996582,4.411210525035858,10,350,/tmp/ShineRunner-77a29207-4efc-4410-a876-3bb73ffa39ed,0
True,64.165598,20.526499,0.251587,0.241769,0.00044442415237426757,12.186605910460154,100000,279,/tmp/ShineRunner-b5363807-472f-42a0-a32e-d5a8becaa2d3,0
True,64.165598,20.526499,0.107143,0.315068,0.0005675474802652995,4.413714162508646,100,291,/tmp/ShineRunner-4002e3c4-7a1e-467f-9ff8-4808fce4ac5e,0
True,64.165598,20.526499,0.285714,0.206349,0.0006092389424641927,4.462141108512879,100,351,/tmp/ShineRunner-91b5cd5b-0a5d-4ac8-a203-8bfa31e476c5,0
True,64.165598,20.526499,0.242424,0.264706,0.0005270719528198242,4.493366901079813,1000,292,/tmp/ShineRunner-f926a971-5f91-44d1-b724-3c1774f77c6c,0
True,64.165598,20.526499,0.257058,0.2497,0.0005143602689107259,5.254330782095591,10000,348,/tmp/ShineRunner-6f0a7b51-cb36-45fd-840a-bbd1d13b1b00,0
True,64.165598,20.526499,0.254032,0.241677,0.0004580537478129069,12.148161753018696,100000,294,/tmp/ShineRunner-31fd8a02-fa5e-4e5b-9332-ff9451e8b452,0
True,64.165598,20.526499,0.255952,0.208861,0.0004866401354471842,4.366873121261596,1000,357,/tmp/ShineRunner-21b3c1cd-fae7-4e77-96e9-190ce99901e5,0
True,64.165598,20.526499,0.242424,0.295775,0.0005630254745483398,4.388340171178182,100,361,/tmp/ShineRunner-55b5fea8-7388-485e-8c66-897c7bb739cd,0
True,64.165598,20.526499,0.28264,0.213836,0.0005732496579488118,4.478437423706055,1000,352,/tmp/ShineRunner-b154e572-be7f-4867-b6e5-e917118a561a,0
True,64.165598,20.526499,0.0,0.166667,0.00044075250625610354,4.332505977153778,10,355,/tmp/ShineRunner-1a2d4574-69c1-47e3-9f38-ed2510a763ff,0
True,64.165598,20.526499,0.285714,0.375,0.0005406777064005534,4.410959017276764,10,300,/tmp/ShineRunner-e3a22acf-b39c-4371-87dc-cf2362603be5,0
True,64.165598,20.526499,0.206349,0.333333,0.00039011637369791666,4.599719369411469,100,366,/tmp/ShineRunner-50108afd-48a4-4c00-a141-19edaf2a4618,0
True,64.165598,20.526499,0.254065,0.242883,0.0008475104967753093,5.284853434562683,10000,298,/tmp/ShineRunner-92f6fde1-424e-4bb1-ac65-15be56f5f883,0
True,64.165598,20.526499,0.243685,0.238965,0.0011773784955342612,5.207953731218974,10000,358,/tmp/ShineRunner-dba1f8e6-42b6-48d5-903b-7f9c8bbdb929,0
True,64.165598,20.526499,0.0,0.0,0.0005405386288960775,4.424766874313354,10,365,/tmp/ShineRunner-64ac26f2-4864-4751-9e1e-80a08304872f,0
True,64.165598,20.526499,0.342105,0.264706,0.0005497058232625325,4.4084612687428795,100,371,/tmp/ShineRunner-c96bced1-aa64-4215-a53f-05107c2676ff,0
True,64.165598,20.526499,0.249587,0.240352,0.0005298217137654622,5.305846464633942,10000,363,/tmp/ShineRunner-df206a32-3aab-4beb-91c6-25ad8f8082b3,0
True,64.165598,20.526499,0.260355,0.238965,0.0005211075146993001,4.511556907494863,1000,372,/tmp/ShineRunner-36d27a04-0674-48bf-848e-4d91b9d1d934,0
True,64.165598,20.526499,0.252426,0.240952,0.0004947861035664876,12.132356576124828,100000,304,/tmp/ShineRunner-d8e89e02-fc24-4189-aba6-973ff7b1bfdc,0
True,64.165598,20.526499,0.25391,0.240387,0.0009009321530659993,12.274669528007507,100000,299,/tmp/ShineRunner-7cd6dc72-5393-4d85-8cd2-a40e90a67907,0
True,64.165598,20.526499,0.252783,0.242723,0.0010422825813293456,12.55219384431839,100000,239,/tmp/ShineRunner-2450cc70-601d-42ad-9e17-06cb35631ee3,0
True,64.165598,20.526499,0.375,0.166667,0.0005877733230590821,4.599309094746908,10,370,/tmp/ShineRunner-01402801-451d-4b1a-843b-ef7b29906801,0
True,64.165598,20.526499,0.219969,0.219969,0.0005821029345194499,4.550617790222168,1000,307,/tmp/ShineRunner-f3ebf050-7d46-48fb-81be-fecc839b6afc,0
True,64.165598,20.526499,0.264706,0.21875,0.0005376259485880534,4.566057840983073,100,376,/tmp/ShineRunner-e0744cba-201d-4b61-be5a-8d2b349fa2c0,0
True,64.165598,20.526499,0.166667,0.375,0.0005429228146870931,4.6415404637654625,10,375,/tmp/ShineRunner-752ece58-73b7-4f97-92a7-8a691fd7bddf,0
True,64.165598,20.526499,0.24608,0.248233,0.0005662004152933756,5.3674520333608,10000,368,/tmp/ShineRunner-30023db3-1e59-4d0e-a3b5-72306cd3b2a6,0
True,64.165598,20.526499,0.224806,0.24357,0.0010579943656921387,4.547958179314931,1000,382,/tmp/ShineRunner-1ccfff43-ed2a-4d70-bd10-7d597213da3e,0
True,64.165598,20.526499,0.253152,0.243662,0.0004969676335652669,12.005924053986867,100000,314,/tmp/ShineRunner-d1f91f9c-c1e5-43f4-b7d8-817848e07bf9,0
True,64.165598,20.526499,0.250037,0.244599,0.0005477269490559896,5.2002114733060205,10000,378,/tmp/ShineRunner-b09561fd-0568-4e5c-a244-d4e2beb68f94,0
True,64.165598,20.526499,0.333333,0.230769,0.0004780848821004232,4.511073998610178,100,386,/tmp/ShineRunner-91f2a9fd-f951-4690-bc2c-130062bde3ca,0
True,64.165598,20.526499,0.264706,0.193548,0.0005068262418111165,4.418674500783284,100,381,/tmp/ShineRunner-30497f68-090e-4bec-a2d8-e860e3f1ea7b,0
True,64.165598,20.526499,0.255952,0.226006,0.0005220373471577963,4.600579611460367,1000,377,/tmp/ShineRunner-019aa384-20d0-4844-b67a-cbd4eb37319f,0
True,64.165598,20.526499,0.0,0.0,0.0003678282101949056,4.885034831364949,10,380,/tmp/ShineRunner-fe97dfad-3baa-4b9e-95b3-72fdcfed19cf,0
True,64.165598,20.526499,0.244256,0.246307,0.0006665547688802083,5.247975246111552,10000,383,/tmp/ShineRunner-64ce5df8-fc76-4295-a428-125c9ae87b79,0
True,64.165598,20.526499,0.253954,0.243341,0.0005634824434916178,5.219523930549622,10000,373,/tmp/ShineRunner-cb5361d0-f5d5-4c9f-ad00-269e92e152ca,0
True,64.165598,20.526499,0.252984,0.242929,0.0008648792902628581,12.081102065245311,100000,254,/tmp/ShineRunner-8cffe7f2-55f9-4f8b-a268-116e3e0ce252,0
True,64.165598,20.526499,0.285714,0.285714,0.00047168334325154625,4.507709566752116,10,320,/tmp/ShineRunner-205e948f-4346-4cda-b571-d206015d8e1a,0
True,64.165598,20.526499,0.265786,0.244713,0.0004767179489135742,4.559438761075338,1000,317,/tmp/ShineRunner-2c145589-da7c-42a3-8c49-c37266f4e486,0
True,64.165598,20.526499,0.251699,0.243776,0.0004920442899068197,12.10514091650645,100000,319,/tmp/ShineRunner-50254eb9-d63e-4824-972e-9193ba2ac0ab,0
True,64.165598,20.526499,0.254377,0.243765,0.0005607207616170248,12.193017641703287,100000,324,/tmp/ShineRunner-b08073cd-dda8-4c77-a424-5d9a9933f8bd,0
True,64.165598,20.526499,0.242424,0.180328,0.0004465460777282715,4.3587707797686255,100,391,/tmp/ShineRunner-3258b114-40f6-41b4-a981-c0f7601fc3b1,0
True,64.165598,20.526499,0.251788,0.242309,0.0005234122276306152,12.073754115899403,100000,329,/tmp/ShineRunner-055e67cb-e403-4f17-9a6b-13fcd664bae0,0
True,64.165598,20.526499,0.375,0.0,0.0006209452946980794,4.3994881987571715,10,395,/tmp/ShineRunner-6b8158af-7254-466f-b165-6733242c81bb,0
True,64.165598,20.526499,0.285714,0.285714,0.000508423646291097,4.321417558193207,10,390,/tmp/ShineRunner-fdc7124b-e183-443c-b61a-225e37b44dc7,0
True,64.165598,20.526499,0.193548,0.230769,0.00038910706837972004,4.2718936363856,100,401,/tmp/ShineRunner-f67e74a9-7d25-4154-bb0f-07db1210cb76,0
True,64.165598,20.526499,0.263406,0.241275,0.0004913886388142904,5.108045140902202,10000,328,/tmp/ShineRunner-5a61cedc-09ff-4857-87bb-6b2d1c21a4fb,0
True,64.165598,20.526499,0.25816,0.227202,0.0005038181940714518,4.379676342010498,1000,337,/tmp/ShineRunner-a1b3c9d7-e47a-429f-a96f-7e60b1cdfc5e,0
True,64.165598,20.526499,0.275362,0.206349,0.0005143205324808757,4.446952553590139,1000,402,/tmp/ShineRunner-7ee19b93-599f-4405-8784-2cb110846184,0
True,64.165598,20.526499,0.375,0.0,0.00039391120274861655,4.381748000780742,10,405,/tmp/ShineRunner-814d9656-4465-43e1-ba21-d6f79aa4913d,0
True,64.165598,20.526499,0.253286,0.249587,0.0005085587501525879,5.358920399347941,10000,393,/tmp/ShineRunner-3e0e7bb8-934b-4876-8a3a-5cb6eb8c153a,0
True,64.165598,20.526499,0.253731,0.240122,0.000442047913869222,4.44188425540924,1000,407,/tmp/ShineRunner-b9eef740-2fad-4c04-a790-3f31ac52ce16,0
True,64.165598,20.526499,0.253798,0.241965,0.0005147814750671387,12.324185927708944,100000,264,/tmp/ShineRunner-09f01fd9-0fb1-454d-a6aa-df7ecd5f1d7a,0
True,64.165598,20.526499,0.254877,0.246193,0.0005950967470804851,12.44116374651591,100000,334,/tmp/ShineRunner-4d66a5f2-d7ff-4997-b87e-c344aba1583c,0
True,64.165598,20.526499,0.248798,0.235708,0.0009205261866251628,5.044476807117462,10000,398,/tmp/ShineRunner-e5084b5c-b418-4573-8db2-2e747dccaca6,0
True,64.165598,20.526499,0.250375,0.240122,0.0004981001218159994,4.538767790794372,1000,397,/tmp/ShineRunner-7a291c14-3258-40f0-abac-25f47d640bdf,0
True,64.165598,20.526499,0.230769,0.295775,0.0008762001991271973,4.909155495961508,100,406,/tmp/ShineRunner-b38af417-aa23-456f-8c44-1c66e3e63860,0
True,64.165598,20.526499,0.166667,0.285714,0.0004939476648966472,4.613402696450551,10,410,/tmp/ShineRunner-29314ffd-4485-49c6-a394-23b73dfb10bc,0
True,64.165598,20.526499,0.250375,0.240122,0.0009595712025960286,4.626655741532644,1000,412,/tmp/ShineRunner-34553760-c284-4171-ab72-34b57bad2327,0
True,64.165598,20.526499,0.251183,0.242482,0.0006546854972839355,12.089448686440786,100000,339,/tmp/ShineRunner-7259b56a-8d3b-4a6d-8559-6c923c08bd59,0
True,64.165598,20.526499,0.206349,0.166667,0.0007796049118041992,4.598599823315938,100,411,/tmp/ShineRunner-c5eb8944-3a43-4810-bfe6-b598c472d36e,0
True,64.165598,20.526499,0.254288,0.241194,0.0005400776863098145,12.084768915176392,100000,344,/tmp/ShineRunner-01e55e92-de68-4c8b-bdd8-742cf0653720,0
True,64.165598,20.526499,0.24357,0.241275,0.0007364988327026367,4.522893051306407,1000,347,/tmp/ShineRunner-07a3234a-3577-451e-9056-ca148ef2b5f1,0
True,64.165598,20.526499,0.254043,0.243891,0.0009220759073893229,12.141153768698375,100000,349,/tmp/ShineRunner-371efff5-5577-43ae-9712-254d3a6be7ac,0
True,64.165598,20.526499,0.253731,0.285714,0.00045631726582845054,4.50398162206014,100,416,/tmp/ShineRunner-a17c8db9-0257-4dbc-8ff5-351fa21cae8c,0
True,64.165598,20.526499,0.444444,0.0,0.0005697965621948242,4.617139081160228,10,345,/tmp/ShineRunner-b520eecd-9a91-43af-aa9f-b7b636d9b3d0,0
True,64.165598,20.526499,0.269006,0.249249,0.0005792379379272461,4.576024961471558,1000,417,/tmp/ShineRunner-01a238ef-6fd5-4ff1-bc2b-4ef2229a2e02,0
True,64.165598,20.526499,0.248911,0.244713,0.0005814711252848308,5.322957118352254,10000,403,/tmp/ShineRunner-f883c32e-56c8-4c76-8cec-42d2d1837ef1,0
True,64.165598,20.526499,0.253509,0.238037,0.00045473972956339517,5.21588081518809,10000,343,/tmp/ShineRunner-aad0da57-e6a7-4961-931e-be83ccb81b2f,0
True,64.165598,20.526499,0.166667,0.375,0.0007387280464172363,4.613405541578929,10,415,/tmp/ShineRunner-3a4272a3-f249-4702-84ce-d0c187b7137b,0
True,64.165598,20.526499,0.254177,0.241298,0.0010100642840067545,12.24491516749064,100000,289,/tmp/ShineRunner-bfaae107-325e-4473-963b-2dcdeb49214c,0
True,64.165598,20.526499,0.253062,0.239544,0.0005631566047668457,5.349285519123077,10000,413,/tmp/ShineRunner-a9b71083-d31c-431c-9723-04c97b669ce0,0
True,64.165598,20.526499,0.254232,0.241401,0.0005694508552551269,11.990851004918417,100000,354,/tmp/ShineRunner-7b39c785-50bb-4470-82f4-b46f266f27b1,0
True,64.165598,20.526499,0.375,0.166667,0.0006439725557963054,4.542546657721202,10,425,/tmp/ShineRunner-43fd675d-5560-437c-9431-beb5b8aae59b,0
True,64.165598,20.526499,0.295775,0.230769,0.0005864858627319336,4.587179708480835,100,426,/tmp/ShineRunner-39f904c8-49cb-4f19-a4b2-58c95b700140,0
True,64.165598,20.526499,0.245055,0.249812,0.0005152304967244466,5.339083508650462,10000,408,/tmp/ShineRunner-0d463d6e-4a31-4b98-ab9f-b69b1166266a,0
True,64.165598,20.526499,0.275362,0.295775,0.0007712324460347493,4.318632225195567,100,356,/tmp/ShineRunner-b3087ec4-8ee0-40d7-a9e7-e0fe7a6852fd,0
True,64.165598,20.526499,0.0,0.166667,0.0009441177050272623,4.395669643084208,10,420,/tmp/ShineRunner-7a41b431-20d9-462c-aa80-df827657fe69,0
True,64.165598,20.526499,0.259259,0.24208,0.0005525668462117513,5.308876518408457,10000,418,/tmp/ShineRunner-4069f101-ab45-4341-b5e1-d0ca8d73c50d,0
True,64.165598,20.526499,0.263406,0.255731,0.0008237282435099284,5.1140262643496195,10000,353,/tmp/ShineRunner-6aac742b-7fc1-4f5b-9d7a-431d7292bff4,0
True,64.165598,20.526499,0.254844,0.238965,0.0010749379793802897,4.549566054344178,1000,427,/tmp/ShineRunner-7247995c-f7e0-4dcd-8162-8814022cd9de,0
True,64.165598,20.526499,0.166667,0.166667,0.0008299112319946289,4.5533298333485925,10,360,/tmp/ShineRunner-ed677c62-ff49-4c44-82cd-730e73829ebe,0
True,64.165598,20.526499,0.252213,0.241689,0.0006076296170552572,12.210866594314576,100000,359,/tmp/ShineRunner-83a73ad5-1f91-495c-9ae1-b525f31dac32,0
True,64.165598,20.526499,0.264706,0.333333,0.00037922064463297525,5.221793476740519,100,421,/tmp/ShineRunner-62c778d4-c46e-49d9-bcbb-cbff671fccb3,0
True,64.165598,20.526499,0.285714,0.0,0.0004884640375773112,4.4583672165870665,10,430,/tmp/ShineRunner-a186c273-45b6-4980-bd7e-4050c88fa6ad,0
True,64.165598,20.526499,0.276411,0.236641,0.0005456209182739258,4.702865135669708,1000,362,/tmp/ShineRunner-ae1070db-62ba-4f4c-a0aa-ae8bcf417b98,0
True,64.165598,20.526499,0.253665,0.241574,0.0005521853764851888,12.269223419825236,100000,364,/tmp/ShineRunner-6042d65f-9d1a-4fb2-b0f0-3746af26cbbf,0
True,64.165598,20.526499,0.283668,0.254844,0.0004199425379435221,4.59708878993988,1000,367,/tmp/ShineRunner-50894e12-218e-4668-92f4-9ffb68de43a1,0
True,64.165598,20.526499,0.250936,0.247215,0.0005290349324544271,5.323460193475087,10000,428,/tmp/ShineRunner-e2a7804c-f97a-4035-acb0-333370cb23a1,0
True,64.165598,20.526499,0.166667,0.444444,0.0005032698313395183,4.569805371761322,10,435,/tmp/ShineRunner-98c38598-28b2-48f4-bb74-dd207b8d0a52,0
True,64.165598,20.526499,0.252973,0.244679,0.0004923860232035319,12.125691350301107,100000,369,/tmp/ShineRunner-fbb7e9b0-9c37-4151-b7f9-00137a277d1f,0
True,64.165598,20.526499,0.295775,0.180328,0.00044764280319213866,4.38574986855189,100,436,/tmp/ShineRunner-d5796fd9-7893-4d07-a6e5-5341888da37a,0
True,64.165598,20.526499,0.253731,0.21875,0.0004630724589029948,4.441639602184296,100,431,/tmp/ShineRunner-53b83e87-479d-4564-8865-5c89899b5630,0
True,64.165598,20.526499,0.266862,0.249249,0.0005294362703959147,4.522171060244243,1000,437,/tmp/ShineRunner-e24c3247-194f-43b9-bca3-545574f0822c,0
True,64.165598,20.526499,0.206349,0.21875,0.0005083123842875163,4.39942950407664,100,441,/tmp/ShineRunner-ec32ed89-f508-42d8-8d11-d23e157369ff,0
True,64.165598,20.526499,0.285714,0.285714,0.0005451679229736328,4.346512508392334,10,440,/tmp/ShineRunner-2b62ff13-aac9-4691-a30f-5fad2d0311d7,0
True,64.165598,20.526499,0.251497,0.243227,0.0004716356595357259,5.219579557577769,10000,438,/tmp/ShineRunner-4fa7cd8e-f1af-45c0-804b-b37dc39b2a9d,0
True,64.165598,20.526499,0.252057,0.236291,0.0006529450416564942,5.249495764573415,10000,433,/tmp/ShineRunner-abd18670-8fd8-47de-a6a3-aba3f479e440,0
True,64.165598,20.526499,0.25042,0.240652,0.0005691011746724446,12.141444460550945,100000,309,/tmp/ShineRunner-8336634f-fde6-440e-862f-d10c21ac0816,0
True,64.165598,20.526499,0.0,0.444444,0.00038771629333496095,4.426638905207316,10,385,/tmp/ShineRunner-1ba8a907-c1ae-4ce1-9fdb-b2de0152d76b,0
True,64.165598,20.526499,0.254466,0.239948,0.0005852182706197103,12.199772624174754,100000,384,/tmp/ShineRunner-779293a5-008d-4c73-866f-28d119bf934e,0
True,64.165598,20.526499,0.305556,0.264706,0.0005574305852254232,4.489314719041189,100,446,/tmp/ShineRunner-b4d5819d-fcdf-40e6-bc4d-26f083a92050,0
True,64.165598,20.526499,0.0,0.0,0.0006060997645060221,4.524067652225495,10,445,/tmp/ShineRunner-e59be68e-ae57-439a-bca5-0a720ea8926a,0
True,64.165598,20.526499,0.271137,0.245852,0.00038301547368367513,4.686900444825491,1000,442,/tmp/ShineRunner-9a34c925-83ac-46b6-85cd-cf36f92d52d8,0
True,64.165598,20.526499,0.251497,0.216301,0.00045070250829060875,4.452526100476583,1000,387,/tmp/ShineRunner-6e3e6a78-ee3c-4405-90ef-fc017bb25285,0
True,64.165598,20.526499,0.25362,0.248911,0.0011890371640523275,5.2805078506469725,10000,443,/tmp/ShineRunner-6bc75bc2-8ec0-44d2-a069-3bcb90dc1c40,0
True,64.165598,20.526499,0.166667,0.21875,0.0009267210960388183,4.434190305074056,100,451,/tmp/ShineRunner-e5cbc287-39c7-4919-9242-4392264e1f66,0
True,64.165598,20.526499,0.252113,0.243376,0.0005376259485880534,12.033884119987487,100000,389,/tmp/ShineRunner-2411c732-d473-480d-937c-90d6451855a4,0
True,64.165598,20.526499,0.260355,0.257058,0.0005525350570678711,4.596892253557841,1000,447,/tmp/ShineRunner-a0599ba1-0ce0-4093-948c-5836b04e15a4,0
True,64.165598,20.526499,0.166667,0.166667,0.00043734312057495115,4.426357158025106,10,450,/tmp/ShineRunner-8f61bf32-1e2f-4eb6-b511-fc04e56fa7c3,0
True,64.165598,20.526499,0.255398,0.251721,0.0007008552551269531,5.284492393334706,10000,448,/tmp/ShineRunner-8eec0d08-8652-4982-98a3-c21189aba36c,0
True,64.165598,20.526499,0.254732,0.245511,0.000529030958811442,5.213195796807607,10000,388,/tmp/ShineRunner-9c74edc9-6cdb-417a-b0eb-a9caf22b617e,0
True,64.165598,20.526499,0.252303,0.244165,0.0009278615315755208,12.172054505348205,100000,394,/tmp/ShineRunner-5827efc8-8d10-41c9-920d-a8947318acb1,0
True,64.165598,20.526499,0.26221,0.243799,0.0005587021509806315,5.2844393690427145,10000,453,/tmp/ShineRunner-6188d315-d23d-47d0-9f6f-e082580da140,0
True,64.165598,20.526499,0.242424,0.166667,0.00044360955556233726,4.6330930352210995,100,396,/tmp/ShineRunner-d6a7c8aa-76a8-4450-b648-86ee9266820c,0
True,64.165598,20.526499,0.275362,0.166667,0.000518345832824707,4.5364661852518715,100,466,/tmp/ShineRunner-12b7c161-52a4-43e4-a91f-429036f1acdb,0
True,64.165598,20.526499,0.275362,0.275362,0.0005393028259277344,4.617336742083231,100,456,/tmp/ShineRunner-5cdb4494-5f4d-43cf-a86b-bd717fd6f4fe,0
True,64.165598,20.526499,0.253731,0.242424,0.000584717591603597,4.66107406616211,100,461,/tmp/ShineRunner-95472b92-3104-4ef3-9987-58d943b7e66d,0
True,64.165598,20.526499,0.259259,0.241275,0.000501704216003418,4.703149998188019,1000,452,/tmp/ShineRunner-31852ddf-1f79-4f34-8a36-1f86328f4ee2,0
True,64.165598,20.526499,0.166667,0.0,0.000511014461517334,4.573866029580434,10,465,/tmp/ShineRunner-28643fba-7a2c-4cc5-b453-91399a2b74fb,0
True,64.165598,20.526499,0.277457,0.260355,0.0006210088729858398,4.750624040762584,1000,392,/tmp/ShineRunner-0b60d6a6-a2c1-4ea0-bbea-b4afac1e51ea,0
True,64.165598,20.526499,0.249249,0.242424,0.0009538650512695313,4.733287298679352,1000,462,/tmp/ShineRunner-be97d320-3b15-4f09-b433-8325d3cdfdee,0
True,64.165598,20.526499,0.242424,0.261448,0.0009992281595865885,4.654730113347371,1000,457,/tmp/ShineRunner-17a3650a-7191-4fb5-bec1-36290308e5ef,0
True,64.165598,20.526499,0.262537,0.231951,0.0008658210436503093,4.716079648335775,1000,467,/tmp/ShineRunner-d0fbad08-5c5a-4a42-aae5-68c6182ef619,0
True,64.165598,20.526499,0.0,0.0,0.00046126047770182293,4.672420112291972,10,400,/tmp/ShineRunner-aedbc160-352a-405c-b83a-da5e25571ca0,0
True,64.165598,20.526499,0.264706,0.166667,0.00044942299524943033,4.644257748126984,100,471,/tmp/ShineRunner-c113e19c-94f2-4b80-818e-1ccdd8d9cfd6,0
True,64.165598,20.526499,0.285714,0.285714,0.0005107323328653971,4.659723393122355,10,470,/tmp/ShineRunner-574df58f-d337-4f03-8b10-e34b99cb0462,0
True,64.165598,20.526499,0.248685,0.237456,0.00047751665115356443,5.278528559207916,10000,458,/tmp/ShineRunner-98fca86c-d727-4602-9d4f-a5cb7aaa382f,0
True,64.165598,20.526499,0.253976,0.242401,0.0004197557767232259,12.007471084594727,100000,399,/tmp/ShineRunner-dfa02eb4-3991-455a-a4bd-126ae3515f87,0
True,64.165598,20.526499,0.263623,0.240122,0.00047437349955240887,4.429882776737213,1000,472,/tmp/ShineRunner-7374a27d-8e23-4a5e-98e6-0a222c32a950,0
True,64.165598,20.526499,0.253731,0.21875,0.0005467613538106282,4.4254676858584086,100,476,/tmp/ShineRunner-28629c13-941b-4aa3-a43f-0f8d432281cd,0
True,64.165598,20.526499,0.285714,0.0,0.00047272443771362305,4.481842990716299,10,475,/tmp/ShineRunner-7e2aad75-8ee8-47cd-b451-a44d4f90cb03,0
True,64.165598,20.526499,0.253731,0.242424,0.0005186160405476888,4.614194273948669,1000,477,/tmp/ShineRunner-d73f1303-95f8-4ebe-889b-8a3f7f79e6b2,0
True,64.165598,20.526499,0.193548,0.285714,0.0005164901415506999,4.335583480199178,100,481,/tmp/ShineRunner-a3c98c16-1a8f-477b-bf6c-1d528fd99e83,0
True,64.165598,20.526499,0.2497,0.24139,0.0005165656407674153,5.362493407726288,10000,468,/tmp/ShineRunner-669e093c-116b-4663-8ae8-71fa844a44ce,0
True,64.165598,20.526499,0.248143,0.244405,0.0005462050437927246,12.037642069657643,100000,414,/tmp/ShineRunner-a3ddb1ea-9c16-4fa2-82e1-16a0da30fa21,0
True,64.165598,20.526499,0.250375,0.244485,0.0003943284352620443,6.002580078442891,10000,463,/tmp/ShineRunner-27628832-81d2-4d76-af5c-7b9783bdd5b5,0
True,64.165598,20.526499,0.253731,0.206349,0.0004456043243408203,4.350297180811564,100,491,/tmp/ShineRunner-0e65d3f8-f418-4ebd-b524-d1ff0285c49d,0
True,64.165598,20.526499,0.255875,0.243605,0.00045941670735677085,12.081330903371175,100000,424,/tmp/ShineRunner-63217194-b7e5-4172-b2e9-4cdeb149bc6e,0
True,64.165598,20.526499,0.244713,0.229584,0.0004439671834309896,4.528588807582855,1000,422,/tmp/ShineRunner-329d6e89-94db-4083-bc62-8f2ba8fe392d,0
True,64.165598,20.526499,0.375,0.375,0.0005729079246520996,4.58468310435613,10,480,/tmp/ShineRunner-37084fc8-7814-46dc-965d-57eecdaecfc4,0
True,64.165598,20.526499,0.24357,0.245852,0.0005024393399556478,4.537216277917226,1000,487,/tmp/ShineRunner-2430c622-2178-487c-bd33-4652e1ea4716,0
True,64.165598,20.526499,0.166667,0.253731,0.00040720303853352866,4.560638554890951,100,486,/tmp/ShineRunner-8bdcb418-5cca-49d4-8eea-9be66c61da52,0
True,64.165598,20.526499,0.245966,0.253509,0.00049363374710083,5.1356337388356526,10000,478,/tmp/ShineRunner-1a5cd7a0-6076-4687-9a4f-fcf102cfe97c,0
True,64.165598,20.526499,0.254544,0.239833,0.000592346986134847,12.190405742327373,100000,419,/tmp/ShineRunner-75044c5c-9b9f-4375-8ce4-4158c0beea61,0
True,64.165598,20.526499,0.285714,0.375,0.0006303588549296061,4.360054020086924,10,485,/tmp/ShineRunner-30175b72-d6eb-41b8-9d9b-4c3765cda2b8,0
True,64.165598,20.526499,0.285714,0.0,0.0005306641260782878,4.356327629089355,10,495,/tmp/ShineRunner-9592ba9e-1a70-411e-825a-1c6c44f07ed5,0
True,64.165598,20.526499,0.243799,0.233129,0.0005842407544453938,5.164907471338908,10000,423,/tmp/ShineRunner-bf92e9a4-d6a5-4f61-acd4-6da753ad0cbd,0
True,64.165598,20.526499,0.25827,0.247215,0.0010075847307840983,5.207832797368368,10000,488,/tmp/ShineRunner-9b48b3b1-8cd3-4312-843d-e812e27407cc,0
True,64.165598,20.526499,0.244713,0.244713,0.0005451361338297526,4.515276118119558,1000,497,/tmp/ShineRunner-91be3921-6e5f-4049-bf21-1d3e11356d01,0
True,64.165598,20.526499,0.0,0.0,0.0005580027898152669,4.53054351011912,10,490,/tmp/ShineRunner-a2b50fed-145c-4f5d-ab15-d2af5d1be343,0
True,64.165598,20.526499,0.265786,0.230769,0.0004374384880065918,4.476316650708516,1000,432,/tmp/ShineRunner-8d6fd048-d617-43ab-802b-d6aacb5ef159,0
True,64.165598,20.526499,0.254955,0.238269,0.00043319066365559897,5.1239347418149315,10000,498,/tmp/ShineRunner-340a399e-1a46-4ce1-a5aa-1dc1ef2d7a14,0
True,64.165598,20.526499,0.251721,0.240272,0.0006837129592895507,12.283647779623667,100000,434,/tmp/ShineRunner-718de16b-f40d-45f9-ae53-084a606f9d27,0
True,64.165598,20.526499,0.253731,0.264706,0.0005796035130818685,4.490362119674683,100,496,/tmp/ShineRunner-fa1ba06b-e93e-4a1c-9ac4-40bfa5f8bbf4,0
True,64.165598,20.526499,0.166667,0.285714,0.0005269845326741537,4.4510969638824465,10,455,/tmp/ShineRunner-ce7f01ee-8a55-4d2a-b90f-fb2459e8b007,0
True,64.165598,20.526499,0.287749,0.229584,0.0006447275479634603,4.476071059703827,1000,482,/tmp/ShineRunner-eb489330-4c58-4708-ba99-211ac48f6434,0
True,64.165598,20.526499,0.259588,0.246875,0.0006269653638203939,5.164927307764689,10000,493,/tmp/ShineRunner-5391ebae-a07d-4ea3-9eb6-f85a95095bc6,0
True,64.165598,20.526499,0.229584,0.234303,0.000649424393971761,4.510733083883921,1000,492,/tmp/ShineRunner-5c79a5d4-7687-4a47-b5b5-8ead473616d9,0
True,64.165598,20.526499,0.0,0.0,0.0005739132563273112,4.164526808261871,10,460,/tmp/ShineRunner-91956c73-742a-4ff0-b877-306f10fe2552,0
True,64.165598,20.526499,0.250723,0.242195,0.0006054242451985677,12.056491164366404,100000,379,/tmp/ShineRunner-e566a626-9fc7-43ef-a048-1bf751ce3d2f,0
True,64.165598,20.526499,0.250037,0.24208,0.0005317370096842448,5.148515013853709,10000,473,/tmp/ShineRunner-611a62aa-137b-4666-a08a-e9a0434f94b7,0
True,64.165598,20.526499,0.254399,0.245397,0.0005529483159383138,5.1123457789421085,10000,483,/tmp/ShineRunner-ed1d132e-63c4-4876-928d-fa392f5cae74,0
True,64.165598,20.526499,0.252001,0.242895,0.0006685415903727213,12.082829268773397,100000,374,/tmp/ShineRunner-0d824d60-0558-4881-9511-27051e5ea9a3,0
True,64.165598,20.526499,0.250184,0.244291,0.0005764643351236979,12.002720856666565,100000,439,/tmp/ShineRunner-4e40ae3f-58db-40b1-8d06-45ba7b169836,0
True,64.165598,20.526499,0.252381,0.242608,0.0006251851717631022,11.84528431892395,100000,449,/tmp/ShineRunner-8e2981b6-d488-415f-98f1-e0d5bab2eecd,0
True,64.165598,20.526499,0.249508,0.240825,0.0005113124847412109,12.093730779488881,100000,454,/tmp/ShineRunner-0f0c5579-8f76-4e66-bab7-e031821f94d5,0
True,64.165598,20.526499,0.250813,0.241539,0.0006188829739888509,12.150774049758912,100000,459,/tmp/ShineRunner-f55f147e-e192-4620-b77c-1cc1de9b2352,0
True,64.165598,20.526499,0.253453,0.244336,0.0005128701527913411,12.154117306073507,100000,469,/tmp/ShineRunner-9924a331-e90c-4fd9-bce2-1b525fe0792f,0
True,64.165598,20.526499,0.252906,0.241758,0.0006478667259216308,11.970740135510763,100000,404,/tmp/ShineRunner-7005923e-02aa-4a15-b756-cb2dc3ce4162,0
True,64.165598,20.526499,0.252012,0.241758,0.0006083210309346516,12.206903580824534,100000,474,/tmp/ShineRunner-198e3ac5-25f0-4262-83f7-46079a1a8c5a,0
True,64.165598,20.526499,0.250644,0.244142,0.0006226181983947753,12.160677516460419,100000,409,/tmp/ShineRunner-7e84a372-a687-4d09-bdbd-f101a5eaf7f6,0
True,64.165598,20.526499,0.256262,0.24493,0.0005689501762390137,12.01396959622701,100000,479,/tmp/ShineRunner-e3bfb2b8-da0f-4422-8672-0459d0a3b1bc,0
True,64.165598,20.526499,0.255864,0.240745,0.0005516807238260905,12.056665750344594,100000,489,/tmp/ShineRunner-97de40c6-7282-4383-9d17-b23497ded2bf,0
True,64.165598,20.526499,0.254921,0.241723,0.0005499045054117839,11.861260223388673,100000,429,/tmp/ShineRunner-221001d1-4226-4e5f-a744-2bdf21ca786f,0
True,64.165598,20.526499,0.249103,0.242505,0.0004603226979573568,11.963432323932647,100000,494,/tmp/ShineRunner-b8693fa5-3daf-4b66-942a-36c8e7074fd0,0
True,64.165598,20.526499,0.251217,0.243261,0.0005929191907246907,11.975297784805297,100000,444,/tmp/ShineRunner-a1e327a5-11ab-48c7-bb3e-f81eb3d9e757,0
True,64.165598,20.526499,0.252404,0.245386,0.0005960702896118164,12.060459935665131,100000,464,/tmp/ShineRunner-46023fd9-e784-42b3-a606-188db596bcde,0
True,64.165598,20.526499,0.252247,0.241298,0.0005960663159688314,11.91582931280136,100000,499,/tmp/ShineRunner-6856ef1d-ebf5-4a5d-b18d-ef0000b08f1d,0
True,64.165598,20.526499,0.253453,0.243925,0.0007283409436543782,12.298848458131154,100000,484,/tmp/ShineRunner-7460941d-3bc2-4e02-a328-9ec4e5d75234,0
