sdcc_preruntime_min,ascot_runtime_min,cleaning_time_min,total_runtime_min,lost_power_W_output,number_particles,current_drive_A,power_deposited_to_ions_W,power_deposited_to_electrons_W,success,enbi,nbar,np,hfactor,index,run_dir,batch_num
8.19,0.21,0.01,8.41,115370.11518184816,1.0809694056353574e+20,190320.5148608935,6607159.610790486,9232876.243208751,True,866.5586752904171,7.972076395987758,1.1571065369897822,1.165853608533115,2088,/tmp/ascot_sdcc_workflow_runner-c7d46097-7c78-424e-93c2-beb73c663ebc,10
9.34,0.21,0.01,9.56,207648.22439456644,1.0995656795511072e+20,190034.8918934092,6723735.305444691,9440055.034167232,True,866.5586752904171,7.972076395987758,1.1571065369897822,1.165853608533115,2108,/tmp/ascot_sdcc_workflow_runner-ea5c2945-3b43-4209-95bf-28c4988255ca,10
10.38,0.37,0.01,10.75,92299.28696177658,1.1116273674346524e+20,199413.8640251482,6721750.723948701,9223536.495987851,True,866.5586752904171,7.972076395987758,1.1571065369897822,1.165853608533115,2128,/tmp/ascot_sdcc_workflow_runner-a1c90c27-5c14-469c-ab51-f4562ad50887,10
11.52,0.21,0.01,11.73,161524.51919119855,1.1253846458743454e+20,186653.0216097211,6835630.013336075,9447478.86286803,True,866.5586752904171,7.972076395987758,1.1571065369897822,1.165853608533115,2098,/tmp/ascot_sdcc_workflow_runner-c2de64f8-974d-4bab-9642-7e485334f1c2,10
6.51,0.2,0.01,6.73,161524.8607965817,1.0904117716615148e+20,191267.57889727937,6622973.031229224,9246473.771792172,True,866.5586752904171,7.972076395987758,1.1571065369897822,1.165853608533115,2158,/tmp/ascot_sdcc_workflow_runner-5db97602-d1d2-4fdf-8ec0-0ad1b98d8b6d,10
7.16,0.21,0.01,7.38,138469.74769222256,1.110788182259368e+20,192549.27475102607,6777893.4516208,9188850.463416886,True,866.5586752904171,7.972076395987758,1.1571065369897822,1.165853608533115,2178,/tmp/ascot_sdcc_workflow_runner-3aad2277-dc23-4912-bd86-c406887170c6,10
18.1,0.22,0.01,18.33,184622.55469524063,1.0756689279942725e+20,178793.55662950946,6551285.391117948,9051686.395313276,True,866.5586752904171,7.972076395987758,1.1571065369897822,1.165853608533115,2118,/tmp/ascot_sdcc_workflow_runner-cc562df5-6650-4894-bd03-32def9757b41,10
8.9,0.21,0.01,9.12,138443.53159483604,1.10293568061684e+20,191431.18285714497,6750918.974260255,9207461.1939133,True,866.5586752904171,7.972076395987758,1.1571065369897822,1.165853608533115,2148,/tmp/ascot_sdcc_workflow_runner-e5748dd3-3ff2-45e4-8dbb-92de7246c7ae,10
15.53,0.2,0.19,15.93,115376.24325147746,1.105621821143642e+20,192600.37574399955,6730588.934867683,9280251.637160089,True,866.5586752904171,7.972076395987758,1.1571065369897822,1.165853608533115,2138,/tmp/ascot_sdcc_workflow_runner-1548d6c9-a49a-4c56-bb71-14acfe676610,10
7.86,0.19,0.01,8.06,161517.737089396,1.080410814222352e+20,184322.01512338463,6591988.880487705,9060946.374437546,True,866.5586752904171,7.972076395987758,1.1571065369897822,1.165853608533115,2168,/tmp/ascot_sdcc_workflow_runner-2826dd31-99bd-4983-9090-d16a84457680,10
7.17,0.21,0.01,7.39,106802.7103548515,8.921677845639666e+19,136361.80530272826,5669352.995174854,7583480.429223943,True,781.1012374099279,7.972076395987758,1.1571065369897822,1.165853608533115,2219,/tmp/ascot_sdcc_workflow_runner-f7312108-dcd7-4605-8de9-1d85685c2fdb,11
8.34,0.22,0.01,8.56,71207.03145630473,8.8743311015692e+19,137999.8946688198,5670254.942808243,7841409.209136428,True,781.1012374099279,7.972076395987758,1.1571065369897822,1.165853608533115,2199,/tmp/ascot_sdcc_workflow_runner-44397999-bb96-47cf-b658-3700553d4de5,11
10.37,0.27,0.01,10.65,88998.82796787274,8.814465667347882e+19,129913.25938607805,5621218.292975772,7913092.6283372,True,781.1012374099279,7.972076395987758,1.1571065369897822,1.165853608533115,2189,/tmp/ascot_sdcc_workflow_runner-2b249e38-8b95-451a-a5f7-7a706cd7d1e5,11
5.23,0.22,0.01,5.46,0.0,8.79570329871698e+19,138728.45336453046,5655657.983074643,7515784.953786596,True,781.1012374099279,7.972076395987758,1.1571065369897822,1.165853608533115,2269,/tmp/ascot_sdcc_workflow_runner-d533c019-6919-40bc-9a9a-4e56a92732e5,11
5.49,0.21,0.01,5.72,17803.746264829373,8.881425834703058e+19,133579.91946213186,5661918.92470362,7661805.122629643,True,781.1012374099279,7.972076395987758,1.1571065369897822,1.165853608533115,2239,/tmp/ascot_sdcc_workflow_runner-c89d54de-8f42-43ed-aaab-5f2e36b75f89,11
16.14,0.24,0.01,16.39,17803.954060070657,8.908409636804221e+19,140744.2257310291,5726761.126983206,7769868.383069084,True,781.1012374099279,7.972076395987758,1.1571065369897822,1.165853608533115,2229,/tmp/ascot_sdcc_workflow_runner-5f2d44ce-32f0-4436-9a30-7e7467aacb84,11
7.5,0.39,0.01,7.9,53404.125488245045,8.99903839375109e+19,141541.5719702953,5782523.669698256,7707286.548096124,True,781.1012374099279,7.972076395987758,1.1571065369897822,1.165853608533115,2259,/tmp/ascot_sdcc_workflow_runner-4740f521-bb4e-4b03-979a-8fb3d958f4c3,11
12.86,0.21,0.01,13.08,35602.16822392348,9.057611726638843e+19,141849.5546464294,5808659.152594077,7871033.028278056,True,781.1012374099279,7.972076395987758,1.1571065369897822,1.165853608533115,2249,/tmp/ascot_sdcc_workflow_runner-6f7a1717-3dcb-4cdd-8589-7899fbd9a72d,11
7.39,0.21,0.01,7.61,88914.75703048379,8.828773474555457e+19,134509.5549268398,5635456.315858551,7895299.103255958,True,781.1012374099279,7.972076395987758,1.1571065369897822,1.165853608533115,2279,/tmp/ascot_sdcc_workflow_runner-d6502cb6-8a81-4ae7-bbfb-130d53760c38,11
28.72,0.22,0.17,29.11,106795.75306331704,8.79196208650086e+19,136807.4556756439,5615621.949316666,7766232.005268321,True,781.1012374099279,7.972076395987758,1.1571065369897822,1.165853608533115,2209,/tmp/ascot_sdcc_workflow_runner-fecf9168-7e06-4904-bc9b-c7290cade8e2,11
11.44,0.22,0.01,11.66,0.0,4.001263145230039e+19,57087.84214099866,2796702.4057220025,2703229.7809031,True,525.2378125853968,7.972076395987758,1.1571065369897822,1.165853608533115,2820,/tmp/ascot_sdcc_workflow_runner-7ae0a6bb-1965-4ddb-b4d9-ece4442592f7,17
11.48,0.22,0.01,11.7,0.0,4.1179462411553645e+19,61130.80433064188,2880949.156102089,2645449.210924861,True,525.2378125853968,7.972076395987758,1.1571065369897822,1.165853608533115,2830,/tmp/ascot_sdcc_workflow_runner-74612d82-5836-4d12-acf5-53a0a97a5554,17
12.5,0.23,0.01,12.74,0.0,4.092655564184566e+19,61054.980191170514,2866657.028470426,2716628.399620942,True,525.2378125853968,7.972076395987758,1.1571065369897822,1.165853608533115,2800,/tmp/ascot_sdcc_workflow_runner-ba28f9e4-ac16-4d5b-b353-d513253c42d4,17
4.98,0.22,0.01,5.22,0.0,3.92142886437922e+19,55640.68366298482,2760744.5686037377,2751142.924489212,True,525.2378125853968,7.972076395987758,1.1571065369897822,1.165853608533115,2850,/tmp/ascot_sdcc_workflow_runner-e78c69cf-5e5e-4ef4-87a5-4520217f8eec,17
6.35,0.22,0.01,6.58,6600.887728043564,4.170072378205364e+19,60341.17245283157,2913861.4963210416,2672489.1330917603,True,525.2378125853968,7.972076395987758,1.1571065369897822,1.165853608533115,2880,/tmp/ascot_sdcc_workflow_runner-9fb70ab8-adbb-42aa-a5c9-9983129573ab,17
7.19,0.21,0.01,7.41,0.0,4.013664141016217e+19,56600.18498818035,2812065.1745925974,2644602.983336556,True,525.2378125853968,7.972076395987758,1.1571065369897822,1.165853608533115,2870,/tmp/ascot_sdcc_workflow_runner-18adac54-1f5b-416e-90a5-4efd82537eee,17
20.92,0.23,0.01,21.16,0.0,4.052672549322618e+19,59553.891371050086,2842102.202152698,2684679.746091691,True,525.2378125853968,7.972076395987758,1.1571065369897822,1.165853608533115,2790,/tmp/ascot_sdcc_workflow_runner-bab9dd0e-eae9-40ff-8c3e-af0a3f9743dd,17
7.2,0.23,0.06,7.5,0.0,4.0282410178513584e+19,58122.64852154476,2827722.1976192845,2723016.419188885,True,525.2378125853968,7.972076395987758,1.1571065369897822,1.165853608533115,2840,/tmp/ascot_sdcc_workflow_runner-7c1833a2-397f-46fc-bd6c-4e38c0721077,17
8.44,0.22,0.01,8.67,0.0,4.031332971434865e+19,56578.95437479732,2820427.5743880267,2657969.3760886616,True,525.2378125853968,7.972076395987758,1.1571065369897822,1.165853608533115,2860,/tmp/ascot_sdcc_workflow_runner-c9b18b2a-226e-4eef-8305-06b19ca5c9c1,17
39.31,0.24,0.17,39.72,6599.305686086756,3.966354539666556e+19,56676.599827717386,2780858.8809495843,2834202.626741823,True,525.2378125853968,7.972076395987758,1.1571065369897822,1.165853608533115,2810,/tmp/ascot_sdcc_workflow_runner-ba5cf196-fb64-457b-b20d-40c8a8a5027b,17
