success,output_shine_inj1,enbi,nbar,np,hfactor,run_dir,batch_num
True,0.041778,715.709097589945,3.3544549161406514,1.1803286672251272,1.1589174712247308,./data/GPR_VIGF1/batch_0/csv_runner-e9eccba2-594c-4cd6-9aca-8a4129addde7,0
True,0.013418,569.1645350580246,4.007077965205426,1.0578520836547147,1.0730438131095703,./data/GPR_VIGF1/batch_0/csv_runner-b1bcf05a-dfec-4cc5-b96b-4c9a9b2f4b7f,0
True,0.196916,989.61231685364,2.259436593564996,1.3596562668454115,1.4212997619416303,./data/GPR_VIGF1/batch_0/csv_runner-c0f16b74-2290-4c40-9fd7-8ee76b820003,0
True,0.048525,574.219494960029,2.836752049166545,1.202017195370383,1.1319181106378329,./data/GPR_VIGF1/batch_0/csv_runner-9811d59a-6eac-47d3-a354-bca69f177c8b,0
True,0.217527,724.9296499720631,1.6791394813021223,1.3551226006679933,1.3959342545815423,./data/GPR_VIGF1/batch_0/csv_runner-9c800422-8ec5-4805-82ea-046d10f776af,0
True,0.045073,715.709097589945,3.3544549161406514,1.1803286672251272,1.1589174712247308,./data/GPR_VIGF1/batch_0/csv_runner-e35980c0-4312-486a-bab0-7460522c44ea,0
True,0.00892,569.1645350580246,4.007077965205426,1.0578520836547147,1.0730438131095703,./data/GPR_VIGF1/batch_0/csv_runner-6c51c7cb-254d-4deb-911d-78875fbd1fcc,0
True,0.188575,989.61231685364,2.259436593564996,1.3596562668454115,1.4212997619416303,./data/GPR_VIGF1/batch_0/csv_runner-271a20c6-d76b-4975-8c9a-f76f73ca00ec,0
True,0.041778,574.219494960029,2.836752049166545,1.202017195370383,1.1319181106378329,./data/GPR_VIGF1/batch_0/csv_runner-3c9fbffb-0e06-470b-8608-183704371ba3,0
True,0.214454,724.9296499720631,1.6791394813021223,1.3551226006679933,1.3959342545815423,./data/GPR_VIGF1/batch_0/csv_runner-8f04c0d2-40d1-4b97-a131-7f226495f618,0
True,0.045619,715.709097589945,3.3544549161406514,1.1803286672251272,1.1589174712247308,./data/GPR_VIGF1/batch_0/csv_runner-1f20205c-3517-4de7-850b-975ce7a408cd,0
True,0.010293,569.1645350580246,4.007077965205426,1.0578520836547147,1.0730438131095703,./data/GPR_VIGF1/batch_0/csv_runner-2bee7cf9-3a62-4334-aba6-69bc5f318dba,0
True,0.194198,989.61231685364,2.259436593564996,1.3596562668454115,1.4212997619416303,./data/GPR_VIGF1/batch_0/csv_runner-00b9f8e8-3063-4675-827f-c44ad34907c9,0
True,0.043977,574.219494960029,2.836752049166545,1.202017195370383,1.1319181106378329,./data/GPR_VIGF1/batch_0/csv_runner-17a3a7cc-9f78-470e-b69e-ae3313799563,0
True,0.233951,724.9296499720631,1.6791394813021223,1.3551226006679933,1.3959342545815423,./data/GPR_VIGF1/batch_0/csv_runner-ad71bd02-0a37-4081-a2de-878e689fe0bc,0
True,0.04416,715.709097589945,3.3544549161406514,1.1803286672251272,1.1589174712247308,./data/GPR_VIGF1/batch_0/csv_runner-44c2bf15-adf4-4425-9626-d9772bc2d1fa,0
True,0.011272,569.1645350580246,4.007077965205426,1.0578520836547147,1.0730438131095703,./data/GPR_VIGF1/batch_0/csv_runner-5c1ab1ba-fcbe-4e21-873d-ecd392fedf96,0
True,0.196529,989.61231685364,2.259436593564996,1.3596562668454115,1.4212997619416303,./data/GPR_VIGF1/batch_0/csv_runner-83a46073-de4d-4051-b02d-ccc6772478e1,0
True,0.044708,574.219494960029,2.836752049166545,1.202017195370383,1.1319181106378329,./data/GPR_VIGF1/batch_0/csv_runner-1f763546-db8c-492d-85f6-620bb51a8ffa,0
True,0.222032,724.9296499720631,1.6791394813021223,1.3551226006679933,1.3959342545815423,./data/GPR_VIGF1/batch_0/csv_runner-e14d10b4-dc4e-4018-8f11-7f64bbc60443,0
True,0.037906,715.709097589945,3.3544549161406514,1.1803286672251272,1.1589174712247308,./data/GPR_VIGF1/batch_0/csv_runner-3485bf29-39a3-4390-af51-15721241d5e6,0
True,0.011467,569.1645350580246,4.007077965205426,1.0578520836547147,1.0730438131095703,./data/GPR_VIGF1/batch_0/csv_runner-775ab34a-84f6-4bc7-a476-386a260dada0,0
True,0.18394,989.61231685364,2.259436593564996,1.3596562668454115,1.4212997619416303,./data/GPR_VIGF1/batch_0/csv_runner-dd98b6fa-250b-47c8-b81a-e9005e1a5f93,0
True,0.04489,574.219494960029,2.836752049166545,1.202017195370383,1.1319181106378329,./data/GPR_VIGF1/batch_0/csv_runner-3f2651ad-8e3d-4450-8c66-7ba945fa172d,0
True,0.218872,724.9296499720631,1.6791394813021223,1.3551226006679933,1.3959342545815423,./data/GPR_VIGF1/batch_0/csv_runner-91954344-0ffd-40ea-bdbf-7fdb5817c6be,0
True,0.168468,988.95848953692,2.4109344096538634,1.3968410752799862,0.8593734906182825,./data/GPR_VIGF1/batch_1/csv_runner-c8355de6-ee4b-4ff2-99ce-945df8aa44f9,1
True,0.1858,988.95848953692,2.4109344096538634,1.3968410752799862,0.8593734906182825,./data/GPR_VIGF1/batch_1/csv_runner-1527ad20-3b4e-4d96-b6c5-1a272e678235,1
True,0.17369,988.95848953692,2.4109344096538634,1.3968410752799862,0.8593734906182825,./data/GPR_VIGF1/batch_1/csv_runner-35c88956-17fd-46e3-a9b8-44d82f35254c,1
True,0.160228,988.95848953692,2.4109344096538634,1.3968410752799862,0.8593734906182825,./data/GPR_VIGF1/batch_1/csv_runner-c0a2c9c4-4749-451a-b514-88804eec9948,1
True,0.169297,988.95848953692,2.4109344096538634,1.3968410752799862,0.8593734906182825,./data/GPR_VIGF1/batch_1/csv_runner-1fea8e42-2dca-4346-9d50-9d19c532db05,1
True,0.016716,950.8209267832192,4.932101876303318,1.4911833415522662,1.467099392937587,./data/GPR_VIGF1/batch_2/csv_runner-9ce064d7-93be-4a1a-b23d-fe50c4b44ba1,2
True,0.014196,950.8209267832192,4.932101876303318,1.4911833415522662,1.467099392937587,./data/GPR_VIGF1/batch_2/csv_runner-57b32d18-799a-4ccf-9d94-02284fc3d9d3,2
True,0.019031,950.8209267832192,4.932101876303318,1.4911833415522662,1.467099392937587,./data/GPR_VIGF1/batch_2/csv_runner-1870f74d-51ec-4355-9247-e03ec5de9ff3,2
True,0.015748,950.8209267832192,4.932101876303318,1.4911833415522662,1.467099392937587,./data/GPR_VIGF1/batch_2/csv_runner-df272095-a521-455c-b38d-9fdbba110f13,2
True,0.016716,950.8209267832192,4.932101876303318,1.4911833415522662,1.467099392937587,./data/GPR_VIGF1/batch_2/csv_runner-3cb0f214-25aa-4cb2-8ddb-f59fe4ac5d2f,2
True,0.287445,500.83035383740025,1.0931096323942693,1.4313822818704391,0.8008631437583358,./data/GPR_VIGF1/batch_3/csv_runner-4bfda864-c5fd-4d1f-8ebc-627375977e8a,3
True,0.297062,500.83035383740025,1.0931096323942693,1.4313822818704391,0.8008631437583358,./data/GPR_VIGF1/batch_3/csv_runner-0481fc80-7d92-4fec-bca9-4da8065c97df,3
True,0.295378,500.83035383740025,1.0931096323942693,1.4313822818704391,0.8008631437583358,./data/GPR_VIGF1/batch_3/csv_runner-87096c81-38be-4ba3-bfdb-a44a51e2cfb9,3
True,0.288762,500.83035383740025,1.0931096323942693,1.4313822818704391,0.8008631437583358,./data/GPR_VIGF1/batch_3/csv_runner-629b7f80-78e8-4a1c-9846-59cb4f2f1655,3
True,0.297161,500.83035383740025,1.0931096323942693,1.4313822818704391,0.8008631437583358,./data/GPR_VIGF1/batch_3/csv_runner-54675233-b182-4f2f-883d-bf93a9d85bac,3
True,0.033256,998.5173289187863,4.468480106954079,1.1419542189320195,1.3858276057626568,./data/GPR_VIGF1/batch_4/csv_runner-bced002a-8ec4-4979-b75e-d9a898afcad7,4
True,0.033443,998.5173289187863,4.468480106954079,1.1419542189320195,1.3858276057626568,./data/GPR_VIGF1/batch_4/csv_runner-29c5f68b-92bb-48c4-aabd-51e145170066,4
True,0.032882,998.5173289187863,4.468480106954079,1.1419542189320195,1.3858276057626568,./data/GPR_VIGF1/batch_4/csv_runner-95fb85e1-7783-4d5a-9199-e5b53480c5d2,4
True,0.02988,998.5173289187863,4.468480106954079,1.1419542189320195,1.3858276057626568,./data/GPR_VIGF1/batch_4/csv_runner-2d33d1dc-3661-4562-9f72-7ad52813479b,4
True,0.029315,998.5173289187863,4.468480106954079,1.1419542189320195,1.3858276057626568,./data/GPR_VIGF1/batch_4/csv_runner-d5aa21f9-00ae-4f71-bf15-836e39c5429b,4
True,0.284795,777.2082760199668,1.5139559147467727,1.1265923030633007,0.8210382051328252,./data/GPR_VIGF1/batch_5/csv_runner-b2c4ad31-820b-4124-b664-d3e4a4b780b8,5
True,0.287038,777.2082760199668,1.5139559147467727,1.1265923030633007,0.8210382051328252,./data/GPR_VIGF1/batch_5/csv_runner-7b1547d4-fb8b-4163-864c-c81b15829e49,5
True,0.289672,777.2082760199668,1.5139559147467727,1.1265923030633007,0.8210382051328252,./data/GPR_VIGF1/batch_5/csv_runner-9e55e418-efc3-4f9f-a620-951ddeb38fed,5
True,0.292886,777.2082760199668,1.5139559147467727,1.1265923030633007,0.8210382051328252,./data/GPR_VIGF1/batch_5/csv_runner-9f6cfd7b-a710-4df7-a432-7d1534fbe9c0,5
True,0.28551,777.2082760199668,1.5139559147467727,1.1265923030633007,0.8210382051328252,./data/GPR_VIGF1/batch_5/csv_runner-e679600a-706e-4186-b47c-6fe3d83c407e,5
True,0.018068,635.3793756589001,3.7235806680377377,1.4901023924493408,1.2280805241839488,./data/GPR_VIGF1/batch_6/csv_runner-220b8ba6-9dcf-4504-959a-632565428613,6
True,0.018838,635.3793756589001,3.7235806680377377,1.4901023924493408,1.2280805241839488,./data/GPR_VIGF1/batch_6/csv_runner-aaa186b0-5b2d-46ef-bec2-8b5115d5171a,6
True,0.016909,635.3793756589001,3.7235806680377377,1.4901023924493408,1.2280805241839488,./data/GPR_VIGF1/batch_6/csv_runner-27c974f6-3fd6-477a-bab3-8883bbb83a0e,6
True,0.0198,635.3793756589001,3.7235806680377377,1.4901023924493408,1.2280805241839488,./data/GPR_VIGF1/batch_6/csv_runner-64217940-c62f-4923-932c-3d4aaebd3c38,6
True,0.018453,635.3793756589001,3.7235806680377377,1.4901023924493408,1.2280805241839488,./data/GPR_VIGF1/batch_6/csv_runner-2225db02-26ef-4a96-a402-6a0c2608c794,6
True,0.018453,937.5420995270412,4.892620841644958,1.436429479387089,0.9346104753245932,./data/GPR_VIGF1/batch_7/csv_runner-8bc08fc6-3fb8-4872-840d-1ae562bb6e76,7
True,0.018646,937.5420995270412,4.892620841644958,1.436429479387089,0.9346104753245932,./data/GPR_VIGF1/batch_7/csv_runner-5e2c9ee0-a519-4d04-be31-1ec5d233dfd7,7
True,0.018453,937.5420995270412,4.892620841644958,1.436429479387089,0.9346104753245932,./data/GPR_VIGF1/batch_7/csv_runner-9ec6f266-b75e-4933-aa03-7f4e79c15a1a,7
True,0.020376,937.5420995270412,4.892620841644958,1.436429479387089,0.9346104753245932,./data/GPR_VIGF1/batch_7/csv_runner-08e9b4e3-be9b-467c-9947-26c8af2110c3,7
True,0.016522,937.5420995270412,4.892620841644958,1.436429479387089,0.9346104753245932,./data/GPR_VIGF1/batch_7/csv_runner-bdd65cf8-528a-4d9b-afe2-bd94ad4609ec,7
True,0.20115,533.5833344238835,1.488707765830639,1.0088343904999562,1.1172959415501145,./data/GPR_VIGF1/batch_8/csv_runner-26535767-ec63-464a-81db-4ad32ec443d4,8
True,0.207104,533.5833344238835,1.488707765830639,1.0088343904999562,1.1172959415501145,./data/GPR_VIGF1/batch_8/csv_runner-d99fb2e7-648c-40e9-9dfa-95a52f76538b,8
True,0.206727,533.5833344238835,1.488707765830639,1.0088343904999562,1.1172959415501145,./data/GPR_VIGF1/batch_8/csv_runner-8a1be82c-7d9f-4120-81f5-ceaab4b406f7,8
True,0.205466,533.5833344238835,1.488707765830639,1.0088343904999562,1.1172959415501145,./data/GPR_VIGF1/batch_8/csv_runner-cb4e0dee-24cc-4f63-8f4e-e2f8972bbbcc,8
True,0.201915,533.5833344238835,1.488707765830639,1.0088343904999562,1.1172959415501145,./data/GPR_VIGF1/batch_8/csv_runner-18d0a000-83e9-454e-a35c-38f5eec07f88,8
True,0.296765,633.2316587504231,1.2149810081974102,1.238938637011873,1.0918225580164196,./data/GPR_VIGF1/batch_9/csv_runner-dd396141-d101-4296-b25c-d1598acca44c,9
True,0.29972,633.2316587504231,1.2149810081974102,1.238938637011873,1.0918225580164196,./data/GPR_VIGF1/batch_9/csv_runner-5efd041a-4929-4a73-95f2-96300dc7175b,9
True,0.06068,886.006216055494,3.5113095579381493,1.186828864436855,0.8661266676430608,./data/GPR_VIGF1/batch_10/csv_runner-4106b903-6fdd-47af-8073-2b7e5618bb22,10
True,0.058558,886.006216055494,3.5113095579381493,1.186828864436855,0.8661266676430608,./data/GPR_VIGF1/batch_10/csv_runner-63be3c9a-c0ba-4200-8030-03dc55af106a,10
True,0.05321,886.006216055494,3.5113095579381493,1.186828864436855,0.8661266676430608,./data/GPR_VIGF1/batch_10/csv_runner-f03a0ef5-b8e4-47d3-b701-1ffb5f3a1ad9,10
True,0.055178,886.006216055494,3.5113095579381493,1.186828864436855,0.8661266676430608,./data/GPR_VIGF1/batch_10/csv_runner-03697fc5-2b19-450b-bac0-bacf0bf987af,10
True,0.054999,886.006216055494,3.5113095579381493,1.186828864436855,0.8661266676430608,./data/GPR_VIGF1/batch_10/csv_runner-468fcbf0-e42a-4a51-a5f6-e9b1c1e96b61,10
True,0.102011,671.1812166500271,2.3958893402164576,1.220025054116776,0.8880649128185997,./data/GPR_VIGF1/batch_11/csv_runner-1204975d-e63d-4fc8-97e0-bf53c88c654c,11
True,0.100881,671.1812166500271,2.3958893402164576,1.220025054116776,0.8880649128185997,./data/GPR_VIGF1/batch_11/csv_runner-1b08f429-7466-4f6a-b883-7a11451221e1,11
True,0.108893,671.1812166500271,2.3958893402164576,1.220025054116776,0.8880649128185997,./data/GPR_VIGF1/batch_11/csv_runner-4a1b55a4-fd4e-4305-b08e-c937f95dadd8,11
True,0.103782,671.1812166500271,2.3958893402164576,1.220025054116776,0.8880649128185997,./data/GPR_VIGF1/batch_11/csv_runner-0713337e-cd1e-4613-a6af-cbbcc1a704ee,11
True,0.103139,671.1812166500271,2.3958893402164576,1.220025054116776,0.8880649128185997,./data/GPR_VIGF1/batch_11/csv_runner-521b2c3b-7b69-4e2f-a229-746c58403298,11
True,0.004182,553.2097659356914,4.99606081408665,1.3328423680532684,1.255087510891158,./data/GPR_VIGF1/batch_12/csv_runner-b14e7c49-7a27-4e28-9a65-852f2cab3f25,12
True,0.002792,553.2097659356914,4.99606081408665,1.3328423680532684,1.255087510891158,./data/GPR_VIGF1/batch_12/csv_runner-647334b9-6636-4510-aae8-b0d791272d8a,12
True,0.003786,553.2097659356914,4.99606081408665,1.3328423680532684,1.255087510891158,./data/GPR_VIGF1/batch_12/csv_runner-9dd16971-1023-4fa5-9e67-d593a23b28d0,12
True,0.002195,553.2097659356914,4.99606081408665,1.3328423680532684,1.255087510891158,./data/GPR_VIGF1/batch_12/csv_runner-15c34406-14d6-416b-83e4-a1cd14810713,12
True,0.001797,553.2097659356914,4.99606081408665,1.3328423680532684,1.255087510891158,./data/GPR_VIGF1/batch_12/csv_runner-949077d4-47b5-4d8f-a83f-f26fc6369a46,12
True,0.228633,726.9484410381499,1.690494076985976,1.1183311814987906,1.3222099961704123,./data/GPR_VIGF1/batch_13/csv_runner-80969eb9-ca63-4e40-a9a0-c53abe890f6e,13
True,0.224686,726.9484410381499,1.690494076985976,1.1183311814987906,1.3222099961704123,./data/GPR_VIGF1/batch_13/csv_runner-2155a0ef-d0b3-472e-a7ca-c9c6e0ceba43,13
True,0.224806,726.9484410381499,1.690494076985976,1.1183311814987906,1.3222099961704123,./data/GPR_VIGF1/batch_13/csv_runner-60be04ff-e213-4182-9a0f-a8f02411342a,13
True,0.222274,726.9484410381499,1.690494076985976,1.1183311814987906,1.3222099961704123,./data/GPR_VIGF1/batch_13/csv_runner-b73a1bc5-6e3f-45eb-be72-27074318e33b,13
True,0.213218,726.9484410381499,1.690494076985976,1.1183311814987906,1.3222099961704123,./data/GPR_VIGF1/batch_13/csv_runner-9a3f9c0e-f016-424e-bd7a-1495e1ce49a5,13
True,0.039385,652.9783120753262,3.1485661033443426,1.088386391469616,1.399629998864663,./data/GPR_VIGF1/batch_14/csv_runner-35957233-7e2d-450f-ad0c-212f5f8384b1,14
True,0.041411,652.9783120753262,3.1485661033443426,1.088386391469616,1.399629998864663,./data/GPR_VIGF1/batch_14/csv_runner-4113d715-6b56-4392-82b3-9cc0826f396a,14
True,0.043977,652.9783120753262,3.1485661033443426,1.088386391469616,1.399629998864663,./data/GPR_VIGF1/batch_14/csv_runner-fe5c6272-26be-47c5-b585-a64eddbc7bf8,14
True,0.046529,652.9783120753262,3.1485661033443426,1.088386391469616,1.399629998864663,./data/GPR_VIGF1/batch_14/csv_runner-8c6b92ca-575c-4d09-a533-996e4fd00a1d,14
True,0.037165,652.9783120753262,3.1485661033443426,1.088386391469616,1.399629998864663,./data/GPR_VIGF1/batch_14/csv_runner-b7989210-9a1e-4708-9de8-9035e1d1b2c3,14
True,0.080713,503.7535163999999,2.0789718615292445,1.3987554178403765,1.387421706364027,./data/GPR_VIGF1/batch_15/csv_runner-41fea9af-4975-4d01-bcdd-57f3222b601c,15
True,0.084919,503.7535163999999,2.0789718615292445,1.3987554178403765,1.387421706364027,./data/GPR_VIGF1/batch_15/csv_runner-cd5570be-e2e1-4be4-a72b-56bfc1ff0c91,15
True,0.083746,503.7535163999999,2.0789718615292445,1.3987554178403765,1.387421706364027,./data/GPR_VIGF1/batch_15/csv_runner-3b2783de-47a9-421f-a136-1e2260a8423b,15
True,0.085254,503.7535163999999,2.0789718615292445,1.3987554178403765,1.387421706364027,./data/GPR_VIGF1/batch_15/csv_runner-1fb72cd1-d62f-43cf-b987-2b8c5747a4b1,15
True,0.083746,503.7535163999999,2.0789718615292445,1.3987554178403765,1.387421706364027,./data/GPR_VIGF1/batch_15/csv_runner-53b442bd-3043-42da-96aa-515b9500ec56,15
True,0.080882,983.1159560715907,3.222587234231241,1.4665116108001055,1.3630526409290795,./data/GPR_VIGF1/batch_16/csv_runner-904a921f-240c-4ff4-85dd-b9bc8129844e,16
True,0.088423,983.1159560715907,3.222587234231241,1.4665116108001055,1.3630526409290795,./data/GPR_VIGF1/batch_16/csv_runner-d4981fb3-3a7d-4587-a709-a3c7b4a8c580,16
True,0.083914,983.1159560715907,3.222587234231241,1.4665116108001055,1.3630526409290795,./data/GPR_VIGF1/batch_16/csv_runner-494acc8b-9971-4b09-8bf1-119174bb5ceb,16
True,0.089419,983.1159560715907,3.222587234231241,1.4665116108001055,1.3630526409290795,./data/GPR_VIGF1/batch_16/csv_runner-1e14034a-66fe-4939-8309-17c1891e7028,16
True,0.080882,983.1159560715907,3.222587234231241,1.4665116108001055,1.3630526409290795,./data/GPR_VIGF1/batch_16/csv_runner-a48df0b3-cbee-4398-8f89-af717f91ad25,16
True,0.242768,912.6997555981606,1.8995797115139963,1.2292740408992755,1.1096198889475253,./data/GPR_VIGF1/batch_17/csv_runner-fb45730a-b63e-41d7-b12a-50e31e338b2f,17
True,0.241505,912.6997555981606,1.8995797115139963,1.2292740408992755,1.1096198889475253,./data/GPR_VIGF1/batch_17/csv_runner-eec7a571-11c7-4960-9503-4cddcad7b40c,17
True,0.243227,912.6997555981606,1.8995797115139963,1.2292740408992755,1.1096198889475253,./data/GPR_VIGF1/batch_17/csv_runner-a2f369d8-2615-452c-be33-a1f9c44d4885,17
True,0.235123,912.6997555981606,1.8995797115139963,1.2292740408992755,1.1096198889475253,./data/GPR_VIGF1/batch_17/csv_runner-24a3b87b-ef52-461f-bf75-9c0d283ee4a8,17
True,0.241044,912.6997555981606,1.8995797115139963,1.2292740408992755,1.1096198889475253,./data/GPR_VIGF1/batch_17/csv_runner-12552e7a-b7c1-4136-9f8c-6d8aec96adc6,17
True,0.22899,509.51707390874327,1.32814613335981,1.3625916604254344,1.2956638649785115,./data/GPR_VIGF1/batch_18/csv_runner-e7059d06-7c09-4a1b-99e0-00b6623c5a34,18
True,0.22179,509.51707390874327,1.32814613335981,1.3625916604254344,1.2956638649785115,./data/GPR_VIGF1/batch_18/csv_runner-a942866e-56ce-4c28-9f8c-7fe13f6f121f,18
True,0.223482,509.51707390874327,1.32814613335981,1.3625916604254344,1.2956638649785115,./data/GPR_VIGF1/batch_18/csv_runner-be60ecae-1bf1-493e-a4d7-b596a0f77bd3,18
True,0.225167,509.51707390874327,1.32814613335981,1.3625916604254344,1.2956638649785115,./data/GPR_VIGF1/batch_18/csv_runner-53355a1f-47f7-49ef-997c-141160931f69,18
True,0.218872,509.51707390874327,1.32814613335981,1.3625916604254344,1.2956638649785115,./data/GPR_VIGF1/batch_18/csv_runner-0ca6f5d8-c856-429e-a75e-1c1e57361ed9,18
True,0.035122,789.008607903771,3.6790141561918905,1.3246165776226544,1.458416086786863,./data/GPR_VIGF1/batch_19/csv_runner-f779d8eb-7140-482c-b27b-4ecfef9c6744,19
True,0.03568,789.008607903771,3.6790141561918905,1.3246165776226544,1.458416086786863,./data/GPR_VIGF1/batch_19/csv_runner-12ac158c-42dd-40a8-85d6-9a6fddf1a99d,19
True,0.036052,789.008607903771,3.6790141561918905,1.3246165776226544,1.458416086786863,./data/GPR_VIGF1/batch_19/csv_runner-212b5b2e-481b-47b9-b350-f420caf06fb2,19
True,0.037536,789.008607903771,3.6790141561918905,1.3246165776226544,1.458416086786863,./data/GPR_VIGF1/batch_19/csv_runner-fda273b3-7607-4095-b36e-2b260673165f,19
True,0.034935,789.008607903771,3.6790141561918905,1.3246165776226544,1.458416086786863,./data/GPR_VIGF1/batch_19/csv_runner-db419050-b186-4075-8f1b-7761e25cf3fd,19
True,0.112374,768.2840067885446,2.512077572669837,1.0658774164460336,0.8879646970079752,./data/GPR_VIGF1/batch_20/csv_runner-147ec2ac-6d51-496b-985a-c33a4e7be923,20
True,0.113632,768.2840067885446,2.512077572669837,1.0658774164460336,0.8879646970079752,./data/GPR_VIGF1/batch_20/csv_runner-406f6805-ea52-4ed8-894d-148466a1fc07,20
True,0.119718,768.2840067885446,2.512077572669837,1.0658774164460336,0.8879646970079752,./data/GPR_VIGF1/batch_20/csv_runner-0d89c116-ab33-4b71-86fd-e004c2c24f2a,20
True,0.11692,768.2840067885446,2.512077572669837,1.0658774164460336,0.8879646970079752,./data/GPR_VIGF1/batch_20/csv_runner-f7e451c0-e509-44ae-906a-3c0d7ca7b2fc,20
True,0.116764,768.2840067885446,2.512077572669837,1.0658774164460336,0.8879646970079752,./data/GPR_VIGF1/batch_20/csv_runner-c5d48d7a-4e2c-4351-b3a2-cbc16adbb4b3,20
True,0.284078,930.315200698065,1.6853936597950483,1.3339245794239931,0.8905539624207921,./data/GPR_VIGF1/batch_21/csv_runner-b65ad64b-c57f-4397-9bdf-c64a12c63bb2,21
True,0.28418,930.315200698065,1.6853936597950483,1.3339245794239931,0.8905539624207921,./data/GPR_VIGF1/batch_21/csv_runner-ca975bed-57d0-4266-ba80-b91f7fa5f791,21
True,0.279954,930.315200698065,1.6853936597950483,1.3339245794239931,0.8905539624207921,./data/GPR_VIGF1/batch_21/csv_runner-f7db4037-3086-49c3-a6aa-c78cf3108938,21
True,0.284999,930.315200698065,1.6853936597950483,1.3339245794239931,0.8905539624207921,./data/GPR_VIGF1/batch_21/csv_runner-7eda6c50-e4d4-4451-9b92-10a853f7b2ca,21
True,0.289369,930.315200698065,1.6853936597950483,1.3339245794239931,0.8905539624207921,./data/GPR_VIGF1/batch_21/csv_runner-4da09ac6-9ccf-436b-9506-998ba5600519,21
True,0.074417,518.4853636005871,2.2398903017496306,1.0243492361569255,0.8764976037801906,./data/GPR_VIGF1/batch_22/csv_runner-db113b60-618d-4d61-bfee-9faa8022f7bb,22
True,0.071495,518.4853636005871,2.2398903017496306,1.0243492361569255,0.8764976037801906,./data/GPR_VIGF1/batch_22/csv_runner-4476aaa1-3a34-43d9-a588-866f87929ac2,22
True,0.082569,518.4853636005871,2.2398903017496306,1.0243492361569255,0.8764976037801906,./data/GPR_VIGF1/batch_22/csv_runner-ff072394-6b29-4f24-b005-ee9bb6a006fe,22
True,0.082905,518.4853636005871,2.2398903017496306,1.0243492361569255,0.8764976037801906,./data/GPR_VIGF1/batch_22/csv_runner-592f85f3-f20e-49b2-b792-cf04b702ac1e,22
True,0.081051,518.4853636005871,2.2398903017496306,1.0243492361569255,0.8764976037801906,./data/GPR_VIGF1/batch_22/csv_runner-2917baba-e384-4664-b379-ceae3c99a569,22
True,0.18394,644.6600680511673,1.7343570026903596,1.2929806870480274,1.0869876717575302,./data/GPR_VIGF1/batch_23/csv_runner-78f192ec-7727-40a7-a764-30c3923f5fcb,23
True,0.189233,644.6600680511673,1.7343570026903596,1.2929806870480274,1.0869876717575302,./data/GPR_VIGF1/batch_23/csv_runner-6150b00b-5e1e-45c8-ad5a-53dd032db9be,23
True,0.192115,644.6600680511673,1.7343570026903596,1.2929806870480274,1.0869876717575302,./data/GPR_VIGF1/batch_23/csv_runner-b2b504ed-2c3a-44c1-8338-313a457dc871,23
True,0.192506,644.6600680511673,1.7343570026903596,1.2929806870480274,1.0869876717575302,./data/GPR_VIGF1/batch_23/csv_runner-7c51ae95-7bcc-4864-a837-c60d980f6677,23
True,0.181267,644.6600680511673,1.7343570026903596,1.2929806870480274,1.0869876717575302,./data/GPR_VIGF1/batch_23/csv_runner-25f738ef-8e57-4ec3-b26b-dbdfc9a9e046,23
True,0.140893,816.141406515105,2.3288805229090266,1.4609262250774977,1.0234095462256492,./data/GPR_VIGF1/batch_24/csv_runner-187fc54e-2991-441f-b706-c425671dfb3d,24
True,0.143249,816.141406515105,2.3288805229090266,1.4609262250774977,1.0234095462256492,./data/GPR_VIGF1/batch_24/csv_runner-e1a8c971-1dd9-40c5-89e2-523d63eae4a3,24
True,0.140303,816.141406515105,2.3288805229090266,1.4609262250774977,1.0234095462256492,./data/GPR_VIGF1/batch_24/csv_runner-e3b9d378-7d23-409a-9265-d42cb447ed56,24
True,0.140303,816.141406515105,2.3288805229090266,1.4609262250774977,1.0234095462256492,./data/GPR_VIGF1/batch_24/csv_runner-bf9796ae-e7a2-44de-b5b9-00838a63de05,24
True,0.13897,816.141406515105,2.3288805229090266,1.4609262250774977,1.0234095462256492,./data/GPR_VIGF1/batch_24/csv_runner-f57440e4-e585-4d8b-949e-59dba0b07796,24
True,0.125721,957.6493801427772,2.786433022973538,1.0671834566565308,1.0557649242393934,./data/GPR_VIGF1/batch_25/csv_runner-64486891-05f2-4356-8614-a22ad64c549d,25
True,0.121883,957.6493801427772,2.786433022973538,1.0671834566565308,1.0557649242393934,./data/GPR_VIGF1/batch_25/csv_runner-9f1e3bb1-bdb8-4f89-8c84-bce53d5710b1,25
True,0.127704,957.6493801427772,2.786433022973538,1.0671834566565308,1.0557649242393934,./data/GPR_VIGF1/batch_25/csv_runner-d41a8e40-12a1-40ff-8bf3-a3bcb3e57bda,25
True,0.129829,957.6493801427772,2.786433022973538,1.0671834566565308,1.0557649242393934,./data/GPR_VIGF1/batch_25/csv_runner-cbd599b5-ed96-4b07-944b-f36497fb12fd,25
True,0.126943,957.6493801427772,2.786433022973538,1.0671834566565308,1.0557649242393934,./data/GPR_VIGF1/batch_25/csv_runner-f2f2f669-1b48-4c8a-b234-3d77ff51ac70,25
True,0.009116,753.6463507910216,4.963807694086327,1.0020038023666695,0.8116058613282899,./data/GPR_VIGF1/batch_26/csv_runner-0e3b708c-a15a-458e-97cc-1905f9df61ae,26
True,0.009116,753.6463507910216,4.963807694086327,1.0020038023666695,0.8116058613282899,./data/GPR_VIGF1/batch_26/csv_runner-8f1f78ad-e9d4-4d5f-ae2e-766fbbde8ec1,26
True,0.009116,753.6463507910216,4.963807694086327,1.0020038023666695,0.8116058613282899,./data/GPR_VIGF1/batch_26/csv_runner-d173c85b-3a0f-4d16-989b-4dabcf10ac99,26
True,0.010489,753.6463507910216,4.963807694086327,1.0020038023666695,0.8116058613282899,./data/GPR_VIGF1/batch_26/csv_runner-f1ae6b51-37a5-436c-8c11-89265764b2e6,26
True,0.008527,753.6463507910216,4.963807694086327,1.0020038023666695,0.8116058613282899,./data/GPR_VIGF1/batch_26/csv_runner-b42c9bad-4b98-4f18-872e-15a934ef12d2,26
True,0.065071,650.4743458904699,2.7497697995467467,1.331432106381791,1.468936279932879,./data/GPR_VIGF1/batch_27/csv_runner-a8f625dc-8a56-4526-b1cf-b6e50507b7ce,27
True,0.057315,650.4743458904699,2.7497697995467467,1.331432106381791,1.468936279932879,./data/GPR_VIGF1/batch_27/csv_runner-3344c25a-ce1f-43ab-9cf0-29951e516080,27
True,0.057848,650.4743458904699,2.7497697995467467,1.331432106381791,1.468936279932879,./data/GPR_VIGF1/batch_27/csv_runner-7e1f96e6-7843-43ed-995d-e83503c3150f,27
True,0.05696,650.4743458904699,2.7497697995467467,1.331432106381791,1.468936279932879,./data/GPR_VIGF1/batch_27/csv_runner-2d9e8352-771f-4737-a6fe-0a7120f2787b,27
True,0.061209,650.4743458904699,2.7497697995467467,1.331432106381791,1.468936279932879,./data/GPR_VIGF1/batch_27/csv_runner-30836f96-3b9b-4d6e-acd1-c6a857a0cebd,27
True,0.004777,559.2392886085207,4.342348188439444,1.3185369419956037,0.8853451748345789,./data/GPR_VIGF1/batch_28/csv_runner-c913b3e1-41f8-4753-a917-aa066ba86038,28
True,0.005767,559.2392886085207,4.342348188439444,1.3185369419956037,0.8853451748345789,./data/GPR_VIGF1/batch_28/csv_runner-2243bc57-bff1-4b2b-9940-7e2918a85ee4,28
True,0.006557,559.2392886085207,4.342348188439444,1.3185369419956037,0.8853451748345789,./data/GPR_VIGF1/batch_28/csv_runner-0701f996-5329-4b18-96a6-4463caf627bf,28
True,0.006359,559.2392886085207,4.342348188439444,1.3185369419956037,0.8853451748345789,./data/GPR_VIGF1/batch_28/csv_runner-d04e6fb4-21ca-4c3e-b1f7-f42a436490a7,28
True,0.005371,559.2392886085207,4.342348188439444,1.3185369419956037,0.8853451748345789,./data/GPR_VIGF1/batch_28/csv_runner-bed09529-3573-4b41-b7f5-a6047a579d9f,28
True,0.205087,549.9312385803647,1.499348415158288,1.371800182553826,0.8161980662073626,./data/GPR_VIGF1/batch_29/csv_runner-23b9af7d-5307-4c74-a986-772fd20c3a36,29
True,0.197174,549.9312385803647,1.499348415158288,1.371800182553826,0.8161980662073626,./data/GPR_VIGF1/batch_29/csv_runner-7bcc9743-899d-410b-b77a-60f00528d96d,29
True,0.199359,549.9312385803647,1.499348415158288,1.371800182553826,0.8161980662073626,./data/GPR_VIGF1/batch_29/csv_runner-ed954934-3de5-4fb7-8e6b-3e55d5f3af28,29
True,0.201533,549.9312385803647,1.499348415158288,1.371800182553826,0.8161980662073626,./data/GPR_VIGF1/batch_29/csv_runner-ef5b5ebc-8a00-44e9-9b86-fe6a50635644,29
True,0.196141,549.9312385803647,1.499348415158288,1.371800182553826,0.8161980662073626,./data/GPR_VIGF1/batch_29/csv_runner-40c097e2-f4f4-497d-9042-ec02cdb1d0c9,29
True,0.299131,565.5288757786566,1.1445167360615165,1.4637812755032538,1.0783047356774584,./data/GPR_VIGF1/batch_30/csv_runner-6c02a857-77b9-4e71-8964-2b3d6ae3eecc,30
True,0.298147,565.5288757786566,1.1445167360615165,1.4637812755032538,1.0783047356774584,./data/GPR_VIGF1/batch_30/csv_runner-138f64bd-72f8-462e-810a-7a1691da4bf3,30
True,0.288965,565.5288757786566,1.1445167360615165,1.4637812755032538,1.0783047356774584,./data/GPR_VIGF1/batch_30/csv_runner-bc64596f-4cf2-401f-913d-1ce1a268cc73,30
True,0.293086,559.6087630988723,1.1900162834401675,1.139037772890629,1.013293222632582,./data/GPR_VIGF1/batch_31/csv_runner-8f444dcb-e07d-4abc-aa6b-90c60013ede6,31
True,0.291283,559.6087630988723,1.1900162834401675,1.139037772890629,1.013293222632582,./data/GPR_VIGF1/batch_31/csv_runner-c923b721-c562-4ddb-a2fd-e1975bdcfe29,31
True,0.289672,559.6087630988723,1.1900162834401675,1.139037772890629,1.013293222632582,./data/GPR_VIGF1/batch_31/csv_runner-c0e185ce-7698-40ef-b875-5b1eb24b1e1d,31
True,0.266217,835.8064044279294,1.6456967987866284,1.4263905648159565,1.04362199638666,./data/GPR_VIGF1/batch_32/csv_runner-fd3f32b8-4f45-4b27-a980-4883a929cfb9,32
True,0.263406,835.8064044279294,1.6456967987866284,1.4263905648159565,1.04362199638666,./data/GPR_VIGF1/batch_32/csv_runner-ac4f55df-714e-46e7-b89b-6d8a8d065ab8,32
True,0.265893,835.8064044279294,1.6456967987866284,1.4263905648159565,1.04362199638666,./data/GPR_VIGF1/batch_32/csv_runner-55523ac9-0ae2-4448-a40d-e475c1a2b6ab,32
True,0.266755,835.8064044279294,1.6456967987866284,1.4263905648159565,1.04362199638666,./data/GPR_VIGF1/batch_32/csv_runner-166702ed-93dc-4f8c-9fc7-2f3facac9625,32
True,0.27188,835.8064044279294,1.6456967987866284,1.4263905648159565,1.04362199638666,./data/GPR_VIGF1/batch_32/csv_runner-5f6d6d79-4b59-4a41-86db-1b8c42f73959,32
True,0.084249,555.8001841246133,2.291819263155684,1.030264225413268,1.2887328079269391,./data/GPR_VIGF1/batch_33/csv_runner-8d216999-162a-4c1d-b39f-27e4fc206cea,33
True,0.083074,555.8001841246133,2.291819263155684,1.030264225413268,1.2887328079269391,./data/GPR_VIGF1/batch_33/csv_runner-de6a0bc5-43a9-4355-b5a7-96f4d8a91706,33
True,0.08809,555.8001841246133,2.291819263155684,1.030264225413268,1.2887328079269391,./data/GPR_VIGF1/batch_33/csv_runner-1484b831-9468-4793-afb8-09724c3db1cf,33
True,0.08341,555.8001841246133,2.291819263155684,1.030264225413268,1.2887328079269391,./data/GPR_VIGF1/batch_33/csv_runner-c95ec886-d5b5-48af-a406-fd5e3d6d098c,33
True,0.087091,555.8001841246133,2.291819263155684,1.030264225413268,1.2887328079269391,./data/GPR_VIGF1/batch_33/csv_runner-d11bcd42-8b24-4b99-bba5-1848932ea319,33
True,0.267399,535.9110702514422,1.2062915580823428,1.1522332632380166,1.1870287778451232,./data/GPR_VIGF1/batch_34/csv_runner-3c3cd28d-69e9-4294-a715-ec1e3766268e,34
True,0.278603,535.9110702514422,1.2062915580823428,1.1522332632380166,1.1870287778451232,./data/GPR_VIGF1/batch_34/csv_runner-da8f7703-0650-48dd-811a-b9ee2a093ea8,34
True,0.27777,535.9110702514422,1.2062915580823428,1.1522332632380166,1.1870287778451232,./data/GPR_VIGF1/batch_34/csv_runner-83450a87-e36c-4194-98ef-b274d0214964,34
True,0.266647,535.9110702514422,1.2062915580823428,1.1522332632380166,1.1870287778451232,./data/GPR_VIGF1/batch_34/csv_runner-4571888e-c0b7-4003-ab0b-2d3ecc3c7981,34
True,0.276934,535.9110702514422,1.2062915580823428,1.1522332632380166,1.1870287778451232,./data/GPR_VIGF1/batch_34/csv_runner-2302ec74-7bbc-4cac-9fff-d8b97374beb4,34
True,0.027048,839.0470304399141,4.322433269754799,1.020126869969962,1.1147428818958764,./data/GPR_VIGF1/batch_35/csv_runner-82578788-d7b5-4896-a90c-5c9667c0887b,35
True,0.028938,839.0470304399141,4.322433269754799,1.020126869969962,1.1147428818958764,./data/GPR_VIGF1/batch_35/csv_runner-45354783-b2ec-4193-8791-e259899aab89,35
True,0.024581,839.0470304399141,4.322433269754799,1.020126869969962,1.1147428818958764,./data/GPR_VIGF1/batch_35/csv_runner-159a1e5b-fb5a-4230-af41-264b1844ccdc,35
True,0.028372,839.0470304399141,4.322433269754799,1.020126869969962,1.1147428818958764,./data/GPR_VIGF1/batch_35/csv_runner-2ee3c0c3-c8f4-4efe-b822-0e46f273a70a,35
True,0.025151,839.0470304399141,4.322433269754799,1.020126869969962,1.1147428818958764,./data/GPR_VIGF1/batch_35/csv_runner-447debba-5d27-4ba3-9534-dec70836c58e,35
True,0.100396,888.6793566638462,2.877710693666008,1.245303957755936,1.1708219663277486,./data/GPR_VIGF1/batch_36/csv_runner-a6648022-184d-4ddb-9231-5b749338f977,36
True,0.100234,888.6793566638462,2.877710693666008,1.245303957755936,1.1708219663277486,./data/GPR_VIGF1/batch_36/csv_runner-db3bc76f-fc2a-4e85-a332-8dc1c6d8dc37,36
True,0.097147,888.6793566638462,2.877710693666008,1.245303957755936,1.1708219663277486,./data/GPR_VIGF1/batch_36/csv_runner-8f70be48-fe27-4d83-bea3-d1157e824ce2,36
True,0.102817,888.6793566638462,2.877710693666008,1.245303957755936,1.1708219663277486,./data/GPR_VIGF1/batch_36/csv_runner-df068885-b0eb-48a2-bfaa-094849d36faf,36
True,0.100072,888.6793566638462,2.877710693666008,1.245303957755936,1.1708219663277486,./data/GPR_VIGF1/batch_36/csv_runner-8a3dc4b0-8f25-4b68-a5bb-76d7f5995d81,36
True,0.107302,730.6044429187868,2.4690184691880064,1.0257095772784646,1.2705851018564114,./data/GPR_VIGF1/batch_37/csv_runner-deb1cdae-eea0-499e-bb02-b0103e7cc24a,37
True,0.106824,730.6044429187868,2.4690184691880064,1.0257095772784646,1.2705851018564114,./data/GPR_VIGF1/batch_37/csv_runner-6e9024fa-4a7b-4f8e-aabb-ed0cd11f02de,37
True,0.108098,730.6044429187868,2.4690184691880064,1.0257095772784646,1.2705851018564114,./data/GPR_VIGF1/batch_37/csv_runner-02924531-13af-4092-a4f7-4e1d9b6cb354,37
True,0.111427,730.6044429187868,2.4690184691880064,1.0257095772784646,1.2705851018564114,./data/GPR_VIGF1/batch_37/csv_runner-fa2f5d97-eec8-46bd-83c1-f9a8a8495d74,37
True,0.108734,730.6044429187868,2.4690184691880064,1.0257095772784646,1.2705851018564114,./data/GPR_VIGF1/batch_37/csv_runner-04adccfe-93c9-46ad-bda4-5144b069d42d,37
True,0.229584,734.2083206233855,1.7415352953599506,1.0225865584947131,1.1370439382283966,./data/GPR_VIGF1/batch_38/csv_runner-dc3e2c31-b304-448f-a48d-1b768061ae05,38
True,0.214207,734.2083206233855,1.7415352953599506,1.0225865584947131,1.1370439382283966,./data/GPR_VIGF1/batch_38/csv_runner-033e10c7-3bc7-4dd9-a687-c0e9690c19a7,38
True,0.218628,734.2083206233855,1.7415352953599506,1.0225865584947131,1.1370439382283966,./data/GPR_VIGF1/batch_38/csv_runner-fd624427-28e2-4558-aaa6-7448a055b73f,38
True,0.218994,734.2083206233855,1.7415352953599506,1.0225865584947131,1.1370439382283966,./data/GPR_VIGF1/batch_38/csv_runner-b4e91dd9-1418-4976-bd66-d229c755e439,38
True,0.231715,734.2083206233855,1.7415352953599506,1.0225865584947131,1.1370439382283966,./data/GPR_VIGF1/batch_38/csv_runner-8e0e5773-811b-4288-afda-94d018b373da,38
True,0.070632,749.4084792657426,2.938208580420142,1.0524898579480353,1.0789867546910783,./data/GPR_VIGF1/batch_39/csv_runner-997bb9f7-88ec-4eb5-a3be-e89f15d1f05f,39
True,0.075786,749.4084792657426,2.938208580420142,1.0524898579480353,1.0789867546910783,./data/GPR_VIGF1/batch_39/csv_runner-f19fc400-50d7-48a1-98ba-93dc28c8afe7,39
True,0.074759,749.4084792657426,2.938208580420142,1.0524898579480353,1.0789867546910783,./data/GPR_VIGF1/batch_39/csv_runner-65c5bb9b-d17c-4f15-8deb-01ca91254862,39
True,0.073216,749.4084792657426,2.938208580420142,1.0524898579480353,1.0789867546910783,./data/GPR_VIGF1/batch_39/csv_runner-6a8ce807-891d-487b-ace8-44df180d2e3a,39
True,0.073388,749.4084792657426,2.938208580420142,1.0524898579480353,1.0789867546910783,./data/GPR_VIGF1/batch_39/csv_runner-a3d691b9-9365-4e58-9bf9-0f356940081b,39
True,0.264814,622.3982507750727,1.3095178765484663,1.4700095054037574,1.421592180023906,./data/GPR_VIGF1/batch_40/csv_runner-4942bef0-450d-4aa2-86a7-bfecd0a6b282,40
True,0.272621,622.3982507750727,1.3095178765484663,1.4700095054037574,1.421592180023906,./data/GPR_VIGF1/batch_40/csv_runner-338c8e9f-fb75-4187-a5a4-dda8253486fe,40
True,0.256063,622.3982507750727,1.3095178765484663,1.4700095054037574,1.421592180023906,./data/GPR_VIGF1/batch_40/csv_runner-7503b2ac-6e23-4eac-be5b-50c49c67bf7d,40
True,0.26557,622.3982507750727,1.3095178765484663,1.4700095054037574,1.421592180023906,./data/GPR_VIGF1/batch_40/csv_runner-46595474-7204-46df-a8e7-67bb8685b448,40
True,0.26986,622.3982507750727,1.3095178765484663,1.4700095054037574,1.421592180023906,./data/GPR_VIGF1/batch_40/csv_runner-f921bfdb-1b7a-4976-a2e2-53cf1b6e7262,40
True,0.17287,879.0438700426869,2.159914259771421,1.4853490121974515,1.4251847849255384,./data/GPR_VIGF1/batch_41/csv_runner-af31c114-1ce8-419d-9c35-fa274e4238a8,41
True,0.176277,879.0438700426869,2.159914259771421,1.4853490121974515,1.4251847849255384,./data/GPR_VIGF1/batch_41/csv_runner-5f6ff5f7-2046-45cd-ade3-ae2ceb6264a3,41
True,0.182739,879.0438700426869,2.159914259771421,1.4853490121974515,1.4251847849255384,./data/GPR_VIGF1/batch_41/csv_runner-a66195a0-f9f3-4846-941e-c1f0b6e37d23,41
True,0.176412,879.0438700426869,2.159914259771421,1.4853490121974515,1.4251847849255384,./data/GPR_VIGF1/batch_41/csv_runner-74e7fff7-3ec6-4283-9fdd-47e0483bb765,41
True,0.17519,879.0438700426869,2.159914259771421,1.4853490121974515,1.4251847849255384,./data/GPR_VIGF1/batch_41/csv_runner-10d1e2e9-f0b8-4705-8cac-d20ddee5e885,41
True,0.093875,954.776121935675,3.183345338362715,1.425137149416861,1.0384135569140671,./data/GPR_VIGF1/batch_42/csv_runner-76f00995-02ef-4b7d-93fb-b10b13c63b89,42
True,0.086925,954.776121935675,3.183345338362715,1.425137149416861,1.0384135569140671,./data/GPR_VIGF1/batch_42/csv_runner-23562355-9bea-4216-8346-0e35ac78e418,42
True,0.084081,954.776121935675,3.183345338362715,1.425137149416861,1.0384135569140671,./data/GPR_VIGF1/batch_42/csv_runner-a7cdce9b-2128-47fc-8786-d5252e408c83,42
True,0.085254,954.776121935675,3.183345338362715,1.425137149416861,1.0384135569140671,./data/GPR_VIGF1/batch_42/csv_runner-538a2772-e808-4c38-a462-ed8afd2f9098,42
True,0.08341,954.776121935675,3.183345338362715,1.425137149416861,1.0384135569140671,./data/GPR_VIGF1/batch_42/csv_runner-44c78d0c-2b12-4cbd-8d36-16395a5c694c,42
True,0.279954,563.0131708733132,1.2323621104043505,1.3465477134648507,0.9210607555094548,./data/GPR_VIGF1/batch_43/csv_runner-3fa70175-a788-4168-9e5d-f3099c8a1cc0,43
True,0.28459,563.0131708733132,1.2323621104043505,1.3465477134648507,0.9210607555094548,./data/GPR_VIGF1/batch_43/csv_runner-e6dfd33b-6c36-4a74-aa0d-1607c5586a86,43
True,0.274416,563.0131708733132,1.2323621104043505,1.3465477134648507,0.9210607555094548,./data/GPR_VIGF1/batch_43/csv_runner-f7decc63-a956-49be-9312-6961712013c9,43
True,0.280161,563.0131708733132,1.2323621104043505,1.3465477134648507,0.9210607555094548,./data/GPR_VIGF1/batch_43/csv_runner-88a02beb-db74-4697-a52f-fb26a788ad0e,43
True,0.279123,563.0131708733132,1.2323621104043505,1.3465477134648507,0.9210607555094548,./data/GPR_VIGF1/batch_43/csv_runner-97bea323-753b-4375-945f-659a4aa57d07,43
True,0.097473,996.5422909652532,3.1724108701903284,1.0634549877592565,1.4281115398278654,./data/GPR_VIGF1/batch_44/csv_runner-2be18711-ab7a-4753-8fa2-1b8485da1c9e,44
True,0.104424,996.5422909652532,3.1724108701903284,1.0634549877592565,1.4281115398278654,./data/GPR_VIGF1/batch_44/csv_runner-afba853a-9c00-4376-b647-b2424cd11bff,44
True,0.093053,996.5422909652532,3.1724108701903284,1.0634549877592565,1.4281115398278654,./data/GPR_VIGF1/batch_44/csv_runner-be1579b6-0743-41f6-92b8-e9ed00e8aaf0,44
True,0.096494,996.5422909652532,3.1724108701903284,1.0634549877592565,1.4281115398278654,./data/GPR_VIGF1/batch_44/csv_runner-72c99155-3cf1-4f95-9e2d-88e9002df33f,44
True,0.098937,996.5422909652532,3.1724108701903284,1.0634549877592565,1.4281115398278654,./data/GPR_VIGF1/batch_44/csv_runner-2e02d9c7-8155-4138-a1ca-8e58396e7145,44
True,0.169573,506.9681438541008,1.610486531994963,1.0659111088932605,1.2743610715290004,./data/GPR_VIGF1/batch_45/csv_runner-9fa830f4-fdd3-4d84-b4d5-a1b96d0ea8a1,45
True,0.171637,506.9681438541008,1.610486531994963,1.0659111088932605,1.2743610715290004,./data/GPR_VIGF1/batch_45/csv_runner-06c7ccf6-c4e9-4879-8af8-46189766ffff,45
True,0.175462,506.9681438541008,1.610486531994963,1.0659111088932605,1.2743610715290004,./data/GPR_VIGF1/batch_45/csv_runner-57d889ad-8050-446c-936a-6dae224a2087,45
True,0.168468,506.9681438541008,1.610486531994963,1.0659111088932605,1.2743610715290004,./data/GPR_VIGF1/batch_45/csv_runner-3fdb53bf-e64d-4062-8d94-6b952bfbabdd,45
True,0.174917,506.9681438541008,1.610486531994963,1.0659111088932605,1.2743610715290004,./data/GPR_VIGF1/batch_45/csv_runner-9132807a-8505-4ff5-84f9-2588caa4175e,45
True,0.198075,874.9917689676342,2.124568589777415,1.0619348874321104,0.8286628722000039,./data/GPR_VIGF1/batch_46/csv_runner-6d6a9056-f891-4eba-9b6e-fccfe40d0b68,46
True,0.198718,874.9917689676342,2.124568589777415,1.0619348874321104,0.8286628722000039,./data/GPR_VIGF1/batch_46/csv_runner-e28b258a-a30c-4c0c-ae69-78cea5791e1b,46
True,0.189233,874.9917689676342,2.124568589777415,1.0619348874321104,0.8286628722000039,./data/GPR_VIGF1/batch_46/csv_runner-2b58b10c-75a6-4eb0-a354-a479e68025fd,46
True,0.196658,874.9917689676342,2.124568589777415,1.0619348874321104,0.8286628722000039,./data/GPR_VIGF1/batch_46/csv_runner-8166a201-e8f5-44d2-b1bd-a0100d74ef85,46
True,0.199616,874.9917689676342,2.124568589777415,1.0619348874321104,0.8286628722000039,./data/GPR_VIGF1/batch_46/csv_runner-30d827af-36fd-475a-8d47-d5b55729fc10,46
True,0.171362,582.6556616836456,1.7143240873608687,1.0801560124911291,1.396353210456359,./data/GPR_VIGF1/batch_47/csv_runner-56b1b909-1f50-494c-b091-fe6c85d308a5,47
True,0.180597,582.6556616836456,1.7143240873608687,1.0801560124911291,1.396353210456359,./data/GPR_VIGF1/batch_47/csv_runner-3f62462c-8241-4d61-ad1f-d757c882276c,47
True,0.176684,582.6556616836456,1.7143240873608687,1.0801560124911291,1.396353210456359,./data/GPR_VIGF1/batch_47/csv_runner-1f1ef034-181b-4683-8d83-66377183de9e,47
True,0.16833,582.6556616836456,1.7143240873608687,1.0801560124911291,1.396353210456359,./data/GPR_VIGF1/batch_47/csv_runner-7246238d-ee53-4f3a-9d8c-039e42933386,47
True,0.166806,582.6556616836456,1.7143240873608687,1.0801560124911291,1.396353210456359,./data/GPR_VIGF1/batch_47/csv_runner-8c868892-939f-4eb1-be2c-97f92fe72ed3,47
True,0.056426,564.056816337773,2.581698126740496,1.1853990121162905,1.4487354921940212,./data/GPR_VIGF1/batch_48/csv_runner-6d8836b9-e28b-4f76-ac63-aa0bb11a7f26,48
True,0.056782,564.056816337773,2.581698126740496,1.1853990121162905,1.4487354921940212,./data/GPR_VIGF1/batch_48/csv_runner-1db46999-73e4-4213-a9ef-0aa29808a1a6,48
True,0.062441,564.056816337773,2.581698126740496,1.1853990121162905,1.4487354921940212,./data/GPR_VIGF1/batch_48/csv_runner-89026103-9f66-4903-89bf-dd244d276a2e,48
True,0.054463,564.056816337773,2.581698126740496,1.1853990121162905,1.4487354921940212,./data/GPR_VIGF1/batch_48/csv_runner-4a584b2e-5ba1-4ced-bfb9-ed19cb0b8897,48
True,0.059797,564.056816337773,2.581698126740496,1.1853990121162905,1.4487354921940212,./data/GPR_VIGF1/batch_48/csv_runner-ce4abc2b-b57d-488f-b5f6-63dceaa0af0d,48
True,0.210983,937.287569927786,2.0930174412408684,1.2654251971439072,0.973884482705956,./data/GPR_VIGF1/batch_49/csv_runner-b898c115-6e55-4b4d-9e76-f3ab125734b2,49
True,0.218506,937.287569927786,2.0930174412408684,1.2654251971439072,0.973884482705956,./data/GPR_VIGF1/batch_49/csv_runner-d4d96e00-085d-424c-bdcc-d89f846308f3,49
True,0.211854,937.287569927786,2.0930174412408684,1.2654251971439072,0.973884482705956,./data/GPR_VIGF1/batch_49/csv_runner-be01c31c-1709-4aed-beca-36a392d4243b,49
True,0.218994,937.287569927786,2.0930174412408684,1.2654251971439072,0.973884482705956,./data/GPR_VIGF1/batch_49/csv_runner-66d25a20-3cfd-4436-884f-9bdfeb4b778e,49
True,0.204708,937.287569927786,2.0930174412408684,1.2654251971439072,0.973884482705956,./data/GPR_VIGF1/batch_49/csv_runner-5e2c53c3-4a49-434f-a579-d325920f88bf,49
True,0.109687,940.190150063846,2.9592818176900515,1.3108960149303783,0.9912310340506134,./data/GPR_VIGF1/batch_50/csv_runner-f8242c56-7299-481e-8bcf-de296a16adfc,50
True,0.103461,940.190150063846,2.9592818176900515,1.3108960149303783,0.9912310340506134,./data/GPR_VIGF1/batch_50/csv_runner-e065784c-40b3-4561-ae37-a25df30875b9,50
True,0.100719,940.190150063846,2.9592818176900515,1.3108960149303783,0.9912310340506134,./data/GPR_VIGF1/batch_50/csv_runner-3decfc63-4d49-4c6d-a41e-78914fab684b,50
True,0.098937,940.190150063846,2.9592818176900515,1.3108960149303783,0.9912310340506134,./data/GPR_VIGF1/batch_50/csv_runner-f6a49e72-62d3-4343-9cfd-5fbd6579c9d1,50
True,0.100396,940.190150063846,2.9592818176900515,1.3108960149303783,0.9912310340506134,./data/GPR_VIGF1/batch_50/csv_runner-9fa45cf9-0f59-4f3b-b673-b074de034fa2,50
True,0.150093,626.2181452747936,1.897005378127988,1.3824017763036172,1.4136975580852336,./data/GPR_VIGF1/batch_51/csv_runner-50b9f2ac-f758-4bc4-a69b-ad726390f5c7,51
True,0.149949,626.2181452747936,1.897005378127988,1.3824017763036172,1.4136975580852336,./data/GPR_VIGF1/batch_51/csv_runner-a1f473d0-1fef-44ec-93c4-13c1a06b471c,51
True,0.137931,626.2181452747936,1.897005378127988,1.3824017763036172,1.4136975580852336,./data/GPR_VIGF1/batch_51/csv_runner-714730dc-7b9f-4d4a-b068-c4858881a7ef,51
True,0.137931,626.2181452747936,1.897005378127988,1.3824017763036172,1.4136975580852336,./data/GPR_VIGF1/batch_51/csv_runner-bfbe6ebf-4228-4045-866c-395c67923ad4,51
True,0.141336,626.2181452747936,1.897005378127988,1.3824017763036172,1.4136975580852336,./data/GPR_VIGF1/batch_51/csv_runner-ce923743-de7a-4be9-a2a0-02a4cfca5827,51
True,0.145737,990.0135897770964,2.617666826817356,1.392040474170704,1.2454858394754438,./data/GPR_VIGF1/batch_52/csv_runner-5525db77-fe43-4637-8acc-d9e1b0d4a304,52
True,0.134798,990.0135897770964,2.617666826817356,1.392040474170704,1.2454858394754438,./data/GPR_VIGF1/batch_52/csv_runner-55d16a56-59d8-4ce0-be25-df0da81fa51a,52
True,0.146612,990.0135897770964,2.617666826817356,1.392040474170704,1.2454858394754438,./data/GPR_VIGF1/batch_52/csv_runner-f4f7b4ad-132e-49cf-a954-f9fe0735af1b,52
True,0.138674,990.0135897770964,2.617666826817356,1.392040474170704,1.2454858394754438,./data/GPR_VIGF1/batch_52/csv_runner-be56ebd4-07cc-4412-85c5-209b7a57a68f,52
True,0.142514,990.0135897770964,2.617666826817356,1.392040474170704,1.2454858394754438,./data/GPR_VIGF1/batch_52/csv_runner-1132e395-e270-44e9-a001-af75c01f9ebc,52
True,0.03698,994.3019492597882,4.200554622296997,1.3708073163657577,1.128131507909767,./data/GPR_VIGF1/batch_53/csv_runner-ff8cfd92-8ce4-410d-b1c2-aa761f47a985,53
True,0.038462,994.3019492597882,4.200554622296997,1.3708073163657577,1.128131507909767,./data/GPR_VIGF1/batch_53/csv_runner-d67bad8c-94fe-4272-b1e4-4e8f5e7b28dd,53
True,0.038646,994.3019492597882,4.200554622296997,1.3708073163657577,1.128131507909767,./data/GPR_VIGF1/batch_53/csv_runner-8d802b89-1fea-4a35-a0fe-bcbbb824915b,53
True,0.043428,994.3019492597882,4.200554622296997,1.3708073163657577,1.128131507909767,./data/GPR_VIGF1/batch_53/csv_runner-d93f474a-2492-4d08-bec9-c5dad03d3cad,53
True,0.040675,994.3019492597882,4.200554622296997,1.3708073163657577,1.128131507909767,./data/GPR_VIGF1/batch_53/csv_runner-e6216b2c-6ea9-46e1-83c9-4c0fa376347e,53
True,0.149371,542.057667278441,1.6721367978451398,1.4217941923812707,1.2463120903349214,./data/GPR_VIGF1/batch_54/csv_runner-80891df4-41ea-4175-bc25-f828d674934a,54
True,0.153403,542.057667278441,1.6721367978451398,1.4217941923812707,1.2463120903349214,./data/GPR_VIGF1/batch_54/csv_runner-9b26a16e-1e82-4db5-8cc4-d45c6d5816da,54
True,0.155548,542.057667278441,1.6721367978451398,1.4217941923812707,1.2463120903349214,./data/GPR_VIGF1/batch_54/csv_runner-b7889398-3afd-41b3-a375-99bea9c4bb3c,54
True,0.156403,542.057667278441,1.6721367978451398,1.4217941923812707,1.2463120903349214,./data/GPR_VIGF1/batch_54/csv_runner-6252bd66-17cd-4321-a66f-b96b908458d6,54
True,0.157682,542.057667278441,1.6721367978451398,1.4217941923812707,1.2463120903349214,./data/GPR_VIGF1/batch_54/csv_runner-84946e64-6280-49af-82d4-664b48bb55df,54
True,0.045073,562.4618396528215,2.819936356849141,1.3725940641644223,1.241008291203479,./data/GPR_VIGF1/batch_55/csv_runner-cc075cdd-eefb-4e26-8401-8319025d8d75,55
True,0.040307,562.4618396528215,2.819936356849141,1.3725940641644223,1.241008291203479,./data/GPR_VIGF1/batch_55/csv_runner-adaf3ca8-5c63-48ff-9be3-2a34929b6385,55
True,0.03698,562.4618396528215,2.819936356849141,1.3725940641644223,1.241008291203479,./data/GPR_VIGF1/batch_55/csv_runner-b915cb3c-4109-40cb-a5c6-76f813ba7df4,55
True,0.034749,562.4618396528215,2.819936356849141,1.3725940641644223,1.241008291203479,./data/GPR_VIGF1/batch_55/csv_runner-28ea3b65-47d0-47b8-93f1-13d9ecd69340,55
True,0.044525,562.4618396528215,2.819936356849141,1.3725940641644223,1.241008291203479,./data/GPR_VIGF1/batch_55/csv_runner-d4642403-8cd0-4009-8d61-11f3523be9ec,55
True,0.05962,511.6137911733792,2.360270362992924,1.437553806661256,1.227159211103272,./data/GPR_VIGF1/batch_56/csv_runner-fa9149a3-b555-44f5-b553-2c7ce7d18021,56
True,0.063495,511.6137911733792,2.360270362992924,1.437553806661256,1.227159211103272,./data/GPR_VIGF1/batch_56/csv_runner-9609256c-e5fd-4777-a51e-d4d40f14924f,56
True,0.058912,511.6137911733792,2.360270362992924,1.437553806661256,1.227159211103272,./data/GPR_VIGF1/batch_56/csv_runner-8d5a52ac-808c-48e5-8cdb-80f982d4e155,56
True,0.061738,511.6137911733792,2.360270362992924,1.437553806661256,1.227159211103272,./data/GPR_VIGF1/batch_56/csv_runner-56432b1f-76c2-4cb0-b233-7f31eb3e1eff,56
True,0.061562,511.6137911733792,2.360270362992924,1.437553806661256,1.227159211103272,./data/GPR_VIGF1/batch_56/csv_runner-c4c5fad8-0528-4f75-9abe-a960c3bb1db0,56
True,0.194068,928.274011787279,2.237950922042812,1.0768064495303171,1.2205882855615566,./data/GPR_VIGF1/batch_57/csv_runner-7acaa80d-efb6-481f-8e9c-e11872fccc8d,57
True,0.18686,928.274011787279,2.237950922042812,1.0768064495303171,1.2205882855615566,./data/GPR_VIGF1/batch_57/csv_runner-f20a10aa-5b3c-430b-9897-f8d1c52b9105,57
True,0.185535,928.274011787279,2.237950922042812,1.0768064495303171,1.2205882855615566,./data/GPR_VIGF1/batch_57/csv_runner-cc079d4d-4b28-4499-a551-c2a27ab3ee41,57
True,0.195236,928.274011787279,2.237950922042812,1.0768064495303171,1.2205882855615566,./data/GPR_VIGF1/batch_57/csv_runner-c900eb37-f0ef-4044-8e21-6fd2fd867046,57
True,0.1858,928.274011787279,2.237950922042812,1.0768064495303171,1.2205882855615566,./data/GPR_VIGF1/batch_57/csv_runner-2d085b8b-765b-4f02-a3d0-ed7b1feb3746,57
True,0.084919,976.4612342427828,3.2842661247035654,1.1275534655136903,1.2378347098397553,./data/GPR_VIGF1/batch_58/csv_runner-5b1303b6-81ab-40bd-87d6-ca8c328f1388,58
True,0.090082,976.4612342427828,3.2842661247035654,1.1275534655136903,1.2378347098397553,./data/GPR_VIGF1/batch_58/csv_runner-411485f6-2f20-4428-8eb1-a52a91ae7b85,58
True,0.089916,976.4612342427828,3.2842661247035654,1.1275534655136903,1.2378347098397553,./data/GPR_VIGF1/batch_58/csv_runner-e5d3e003-8ece-4939-9bf2-730f54e6a224,58
True,0.083242,976.4612342427828,3.2842661247035654,1.1275534655136903,1.2378347098397553,./data/GPR_VIGF1/batch_58/csv_runner-4aa143b9-8c81-4451-b5c6-cf0dccbe90f1,58
True,0.089585,976.4612342427828,3.2842661247035654,1.1275534655136903,1.2378347098397553,./data/GPR_VIGF1/batch_58/csv_runner-d0a49f72-ff2a-4acf-98a2-fb664dc4df46,58
True,0.154549,968.063731687872,2.5267777636745143,1.191659911388705,1.3107799960741646,./data/GPR_VIGF1/batch_59/csv_runner-1d6abb9c-967e-4500-ba89-162cb85cc6f3,59
True,0.157114,968.063731687872,2.5267777636745143,1.191659911388705,1.3107799960741646,./data/GPR_VIGF1/batch_59/csv_runner-d3b725e7-0a2a-4da2-9870-05fae3d4b5b6,59
True,0.164299,968.063731687872,2.5267777636745143,1.191659911388705,1.3107799960741646,./data/GPR_VIGF1/batch_59/csv_runner-00ddbe81-4082-4390-b3f7-c800bba228b1,59
True,0.153833,968.063731687872,2.5267777636745143,1.191659911388705,1.3107799960741646,./data/GPR_VIGF1/batch_59/csv_runner-3f229df3-78cf-4c99-b63b-e6312473602d,59
True,0.160228,968.063731687872,2.5267777636745143,1.191659911388705,1.3107799960741646,./data/GPR_VIGF1/batch_59/csv_runner-0a77cfec-2713-4f03-a070-afe5707051f6,59
True,0.207607,886.0524456772928,1.968230643651372,1.3438325245830465,1.293784455838809,./data/GPR_VIGF1/batch_60/csv_runner-aad99681-d675-4944-8e6b-538dd9e6889b,60
True,0.207733,886.0524456772928,1.968230643651372,1.3438325245830465,1.293784455838809,./data/GPR_VIGF1/batch_60/csv_runner-ca46d6ca-a4e7-4ae8-a6b2-fcc86c8963bf,60
True,0.210859,886.0524456772928,1.968230643651372,1.3438325245830465,1.293784455838809,./data/GPR_VIGF1/batch_60/csv_runner-5875322b-e678-4c18-b399-2600f0a8efcf,60
True,0.211232,886.0524456772928,1.968230643651372,1.3438325245830465,1.293784455838809,./data/GPR_VIGF1/batch_60/csv_runner-f92fa5d5-77b2-4d70-8c58-33a93b52b6f9,60
True,0.213465,886.0524456772928,1.968230643651372,1.3438325245830465,1.293784455838809,./data/GPR_VIGF1/batch_60/csv_runner-1fa95d9d-445d-49a9-add4-af9fbf354f2e,60
True,0.096984,834.2014808952358,2.6728233070297835,1.2826180532405944,1.3354992001912178,./data/GPR_VIGF1/batch_61/csv_runner-2004ee01-117d-440a-b2e9-3c6b07d6bb43,61
True,0.106824,834.2014808952358,2.6728233070297835,1.2826180532405944,1.3354992001912178,./data/GPR_VIGF1/batch_61/csv_runner-9eed7826-c28e-432d-af7e-656ee25117a3,61
True,0.102978,834.2014808952358,2.6728233070297835,1.2826180532405944,1.3354992001912178,./data/GPR_VIGF1/batch_61/csv_runner-1a29bc8f-cfb3-4394-9875-2184fed37c69,61
True,0.112058,834.2014808952358,2.6728233070297835,1.2826180532405944,1.3354992001912178,./data/GPR_VIGF1/batch_61/csv_runner-1d059379-e98a-494b-b8ae-db20dbcf0c60,61
True,0.104585,834.2014808952358,2.6728233070297835,1.2826180532405944,1.3354992001912178,./data/GPR_VIGF1/batch_61/csv_runner-3f9b9d19-6cc8-4a1a-86e1-f3a74a17224b,61
True,0.136889,777.4262346957416,2.232058048994731,1.4148948715662066,1.3657760304450113,./data/GPR_VIGF1/batch_62/csv_runner-8b0a06ee-7fef-4766-a8fb-e616e214585c,62
True,0.140746,777.4262346957416,2.232058048994731,1.4148948715662066,1.3657760304450113,./data/GPR_VIGF1/batch_62/csv_runner-42de834c-fa57-4728-a146-ba29fcffff6a,62
True,0.131794,777.4262346957416,2.232058048994731,1.4148948715662066,1.3657760304450113,./data/GPR_VIGF1/batch_62/csv_runner-39b6d80d-1a73-462e-b1a8-ca647e25a739,62
True,0.132095,777.4262346957416,2.232058048994731,1.4148948715662066,1.3657760304450113,./data/GPR_VIGF1/batch_62/csv_runner-ebc38c9e-326a-4f06-88a5-d19ff3b8cfb0,62
True,0.131341,777.4262346957416,2.232058048994731,1.4148948715662066,1.3657760304450113,./data/GPR_VIGF1/batch_62/csv_runner-c78a4cbe-c5f0-4ba2-a017-803bc79c9f12,62
True,0.041411,824.5745250671372,3.5488943235459622,1.3814515095197646,0.8406759372050132,./data/GPR_VIGF1/batch_63/csv_runner-723db09b-eeeb-481d-8881-28d00488dc53,63
True,0.04416,824.5745250671372,3.5488943235459622,1.3814515095197646,0.8406759372050132,./data/GPR_VIGF1/batch_63/csv_runner-f6cea969-71d3-43df-a16a-8aea7f7a0577,63
True,0.04416,824.5745250671372,3.5488943235459622,1.3814515095197646,0.8406759372050132,./data/GPR_VIGF1/batch_63/csv_runner-ba51d28d-d4ac-4f26-9b47-3c58db68b219,63
True,0.042512,824.5745250671372,3.5488943235459622,1.3814515095197646,0.8406759372050132,./data/GPR_VIGF1/batch_63/csv_runner-4ba806dc-80d4-421f-b613-1053425d6e4e,63
True,0.046711,824.5745250671372,3.5488943235459622,1.3814515095197646,0.8406759372050132,./data/GPR_VIGF1/batch_63/csv_runner-c382a01a-bee1-497d-8cd5-ba2d506394c2,63
True,0.131794,527.7839584534389,1.8346903189880859,1.1670650202507729,0.9210961116341156,./data/GPR_VIGF1/batch_64/csv_runner-bca51126-82d1-4e9e-bf89-20314b477108,64
True,0.133299,527.7839584534389,1.8346903189880859,1.1670650202507729,0.9210961116341156,./data/GPR_VIGF1/batch_64/csv_runner-84080d1b-14f4-463c-a99d-f1139b6bca5c,64
True,0.132848,527.7839584534389,1.8346903189880859,1.1670650202507729,0.9210961116341156,./data/GPR_VIGF1/batch_64/csv_runner-c57f9702-19f6-463e-a46a-9d5889add2ac,64
True,0.133449,527.7839584534389,1.8346903189880859,1.1670650202507729,0.9210961116341156,./data/GPR_VIGF1/batch_64/csv_runner-8007ec3a-bb85-4d04-99f0-d1b9b54351a5,64
True,0.129223,527.7839584534389,1.8346903189880859,1.1670650202507729,0.9210961116341156,./data/GPR_VIGF1/batch_64/csv_runner-e6abb238-c553-42c1-8cb0-13377b8ab8c8,64
True,0.038646,520.8070869309463,2.773559604675884,1.1649306061663929,0.9011669322062328,./data/GPR_VIGF1/batch_65/csv_runner-0a960805-30db-4bcb-883e-43026f8cfcb1,65
True,0.042146,520.8070869309463,2.773559604675884,1.1649306061663929,0.9011669322062328,./data/GPR_VIGF1/batch_65/csv_runner-7ead52c2-61a1-428c-af78-641de807d536,65
True,0.037536,520.8070869309463,2.773559604675884,1.1649306061663929,0.9011669322062328,./data/GPR_VIGF1/batch_65/csv_runner-1a40df82-92ab-4560-9cf7-df2992c8c3fb,65
True,0.03568,520.8070869309463,2.773559604675884,1.1649306061663929,0.9011669322062328,./data/GPR_VIGF1/batch_65/csv_runner-c2e7f38b-4478-4dc2-ae40-64bbfb9b48a8,65
True,0.037906,520.8070869309463,2.773559604675884,1.1649306061663929,0.9011669322062328,./data/GPR_VIGF1/batch_65/csv_runner-1d4f6e1f-830b-4570-a626-96958ff0be05,65
True,0.215317,521.737531006396,1.398593002224706,1.118372435552198,0.9745713030825482,./data/GPR_VIGF1/batch_66/csv_runner-7b6b4ff5-375d-469b-9cb8-07086f595295,66
True,0.217405,521.737531006396,1.398593002224706,1.118372435552198,0.9745713030825482,./data/GPR_VIGF1/batch_66/csv_runner-7afa8d24-a0d9-4519-845a-abe31e4e6db6,66
True,0.219725,521.737531006396,1.398593002224706,1.118372435552198,0.9745713030825482,./data/GPR_VIGF1/batch_66/csv_runner-e82a988e-dde6-4e74-8d0a-7a91efd94749,66
True,0.217527,521.737531006396,1.398593002224706,1.118372435552198,0.9745713030825482,./data/GPR_VIGF1/batch_66/csv_runner-ce7a9812-49f2-4d50-87ba-9173ab371656,66
True,0.226006,521.737531006396,1.398593002224706,1.118372435552198,0.9745713030825482,./data/GPR_VIGF1/batch_66/csv_runner-ea657393-02e3-4b52-830f-d94eeaf65827,66
True,0.166806,817.2701324758987,2.1104868344671943,1.210190885752639,1.471446490991203,./data/GPR_VIGF1/batch_67/csv_runner-7edd6530-0360-4d62-b1b9-21d31ce696b2,67
True,0.171637,817.2701324758987,2.1104868344671943,1.210190885752639,1.471446490991203,./data/GPR_VIGF1/batch_67/csv_runner-7ffbed79-84c1-4356-89b5-392f32cd9c6c,67
True,0.1715,817.2701324758987,2.1104868344671943,1.210190885752639,1.471446490991203,./data/GPR_VIGF1/batch_67/csv_runner-35b9b84b-0dc1-4ba3-8801-d07ce30f9a9d,67
True,0.167222,817.2701324758987,2.1104868344671943,1.210190885752639,1.471446490991203,./data/GPR_VIGF1/batch_67/csv_runner-34b4a7a1-224d-452e-ade0-0893a9f06ccb,67
True,0.176684,817.2701324758987,2.1104868344671943,1.210190885752639,1.471446490991203,./data/GPR_VIGF1/batch_67/csv_runner-03ebd573-dfbf-480d-a8cc-26e8c101a6ed,67
True,0.083914,875.9815607874577,2.9797692025577858,1.1422704375559127,1.4278977591410966,./data/GPR_VIGF1/batch_68/csv_runner-835491f3-a44c-4a08-b134-b150aaaf0131,68
True,0.088589,875.9815607874577,2.9797692025577858,1.1422704375559127,1.4278977591410966,./data/GPR_VIGF1/batch_68/csv_runner-a5ee6296-02b3-4f5e-915c-b1f6ccf626f2,68
True,0.088921,875.9815607874577,2.9797692025577858,1.1422704375559127,1.4278977591410966,./data/GPR_VIGF1/batch_68/csv_runner-27f114a9-1dc2-448e-abbf-cae251308140,68
True,0.085422,875.9815607874577,2.9797692025577858,1.1422704375559127,1.4278977591410966,./data/GPR_VIGF1/batch_68/csv_runner-c7f5a413-c3ad-46c0-8e04-ac5187b90c01,68
True,0.094039,875.9815607874577,2.9797692025577858,1.1422704375559127,1.4278977591410966,./data/GPR_VIGF1/batch_68/csv_runner-23d6349b-b342-4a0e-af8b-b59ab92601c1,68
True,0.094531,509.8832226713458,2.036806107755832,1.0989049236295985,1.3447059957808087,./data/GPR_VIGF1/batch_69/csv_runner-be3b718e-80d4-4886-a38c-8533456573e9,69
True,0.096658,509.8832226713458,2.036806107755832,1.0989049236295985,1.3447059957808087,./data/GPR_VIGF1/batch_69/csv_runner-354110ec-12a2-435b-85a1-41720d7fdcb6,69
True,0.096984,509.8832226713458,2.036806107755832,1.0989049236295985,1.3447059957808087,./data/GPR_VIGF1/batch_69/csv_runner-bc97fabd-d969-4465-9341-615451831645,69
True,0.095186,509.8832226713458,2.036806107755832,1.0989049236295985,1.3447059957808087,./data/GPR_VIGF1/batch_69/csv_runner-50d4fe92-07bc-48a8-ad2c-3e5cce7a3d6a,69
True,0.096331,509.8832226713458,2.036806107755832,1.0989049236295985,1.3447059957808087,./data/GPR_VIGF1/batch_69/csv_runner-7e3c8ab6-51d3-41f1-b43c-10b5d4913574,69
True,0.005569,688.1797367404131,4.941178797667017,1.3588801180018215,1.4658362620026888,./data/GPR_VIGF1/batch_70/csv_runner-89420cb3-5016-487c-885d-7e119439fcbf,70
True,0.006359,688.1797367404131,4.941178797667017,1.3588801180018215,1.4658362620026888,./data/GPR_VIGF1/batch_70/csv_runner-d00645a6-4301-46bf-9932-fd0fce86f310,70
True,0.004579,688.1797367404131,4.941178797667017,1.3588801180018215,1.4658362620026888,./data/GPR_VIGF1/batch_70/csv_runner-e88f1c0a-256d-4086-b9ac-b000b152a6f0,70
True,0.006951,688.1797367404131,4.941178797667017,1.3588801180018215,1.4658362620026888,./data/GPR_VIGF1/batch_70/csv_runner-e0a29527-239b-4f55-8e09-b19a5030fbcf,70
True,0.005371,688.1797367404131,4.941178797667017,1.3588801180018215,1.4658362620026888,./data/GPR_VIGF1/batch_70/csv_runner-f4baaa33-c2e6-474b-ad91-4670f4f5c671,70
True,0.134649,886.9780242779816,2.5310651349090305,1.4292989599556911,1.2881576203415548,./data/GPR_VIGF1/batch_71/csv_runner-48eaae26-1921-416d-8c79-1b19ff3acc25,71
True,0.127704,886.9780242779816,2.5310651349090305,1.4292989599556911,1.2881576203415548,./data/GPR_VIGF1/batch_71/csv_runner-3890ca11-f53a-40c2-a582-ffb7cfce1a21,71
True,0.127704,886.9780242779816,2.5310651349090305,1.4292989599556911,1.2881576203415548,./data/GPR_VIGF1/batch_71/csv_runner-0d05dda9-8f42-4f62-8691-e513ce5df3e1,71
True,0.128464,886.9780242779816,2.5310651349090305,1.4292989599556911,1.2881576203415548,./data/GPR_VIGF1/batch_71/csv_runner-5a6cde66-a607-4611-bb54-a2327c8ae931,71
True,0.129829,886.9780242779816,2.5310651349090305,1.4292989599556911,1.2881576203415548,./data/GPR_VIGF1/batch_71/csv_runner-b570a97b-725b-49fe-a588-28322e01a6b9,71
True,0.055713,851.5167328494463,3.388587001504757,1.4909029737712678,1.2342503967606309,./data/GPR_VIGF1/batch_72/csv_runner-db875d46-766a-454a-886d-eab87028893b,72
True,0.056248,851.5167328494463,3.388587001504757,1.4909029737712678,1.2342503967606309,./data/GPR_VIGF1/batch_72/csv_runner-3b3199f8-1611-4559-bd14-0550c1f67450,72
True,0.056782,851.5167328494463,3.388587001504757,1.4909029737712678,1.2342503967606309,./data/GPR_VIGF1/batch_72/csv_runner-c67097e4-42cf-4d5c-a6e6-0eabe2eaa046,72
True,0.055535,851.5167328494463,3.388587001504757,1.4909029737712678,1.2342503967606309,./data/GPR_VIGF1/batch_72/csv_runner-80836c6a-e34e-40e4-a66a-5181e550f7d3,72
True,0.050693,851.5167328494463,3.388587001504757,1.4909029737712678,1.2342503967606309,./data/GPR_VIGF1/batch_72/csv_runner-a1017470-0fbc-41bf-aa63-66943acf5323,72
True,0.118943,723.0781377870153,2.276493394824523,1.1507560445739382,1.241197815183222,./data/GPR_VIGF1/batch_73/csv_runner-6c1f1617-0465-40bd-b986-c5b5e92c0550,73
True,0.120028,723.0781377870153,2.276493394824523,1.1507560445739382,1.241197815183222,./data/GPR_VIGF1/batch_73/csv_runner-ae247c66-9489-4d82-a035-0fe888fca538,73
True,0.127856,723.0781377870153,2.276493394824523,1.1507560445739382,1.241197815183222,./data/GPR_VIGF1/batch_73/csv_runner-183d6d03-b2f8-4261-b85b-5e0fa03d1fad,73
True,0.12618,723.0781377870153,2.276493394824523,1.1507560445739382,1.241197815183222,./data/GPR_VIGF1/batch_73/csv_runner-bf4b4b64-22fd-45d2-b09a-ea2b652b2d8c,73
True,0.128312,723.0781377870153,2.276493394824523,1.1507560445739382,1.241197815183222,./data/GPR_VIGF1/batch_73/csv_runner-8e5ead1f-bf98-43f7-8bdb-76c8888c0332,73
True,0.219847,736.7447005284769,1.774692917604332,1.1657844986712762,1.1644706817300765,./data/GPR_VIGF1/batch_74/csv_runner-52550f28-f0cb-45c3-b29f-bee1c9c63bd5,74
True,0.215071,736.7447005284769,1.774692917604332,1.1657844986712762,1.1644706817300765,./data/GPR_VIGF1/batch_74/csv_runner-761d35fd-3bd8-4e57-ac49-806921389ef7,74
True,0.215071,736.7447005284769,1.774692917604332,1.1657844986712762,1.1644706817300765,./data/GPR_VIGF1/batch_74/csv_runner-0022ecfa-257a-4320-9319-c3ee56cd29c0,74
True,0.205087,736.7447005284769,1.774692917604332,1.1657844986712762,1.1644706817300765,./data/GPR_VIGF1/batch_74/csv_runner-1b40279c-85f9-4981-ba51-710c0b4cceec,74
True,0.219725,736.7447005284769,1.774692917604332,1.1657844986712762,1.1644706817300765,./data/GPR_VIGF1/batch_74/csv_runner-66317a4d-dc3c-4dfb-822b-d4f5541ba91c,74
True,0.278499,936.9442489519008,1.7161238288720453,1.3053850666177091,1.187478588062728,./data/GPR_VIGF1/batch_75/csv_runner-119989e4-851b-4912-8255-62793fb5f7b6,75
True,0.285306,936.9442489519008,1.7161238288720453,1.3053850666177091,1.187478588062728,./data/GPR_VIGF1/batch_75/csv_runner-733d0f6d-ee0d-44d4-9204-ae227dd2a545,75
True,0.278707,936.9442489519008,1.7161238288720453,1.3053850666177091,1.187478588062728,./data/GPR_VIGF1/batch_75/csv_runner-acd658a9-b5f9-4b7a-b211-308a73477cbc,75
True,0.292686,936.9442489519008,1.7161238288720453,1.3053850666177091,1.187478588062728,./data/GPR_VIGF1/batch_75/csv_runner-869ddedb-5ea5-4e69-966b-255f73128b16,75
True,0.272939,936.9442489519008,1.7161238288720453,1.3053850666177091,1.187478588062728,./data/GPR_VIGF1/batch_75/csv_runner-a197fcf8-907a-4fe0-ab28-601303bb43f0,75
True,0.248346,704.3915547143486,1.5575655174666327,1.294153124204504,1.0219286379220665,./data/GPR_VIGF1/batch_76/csv_runner-288b0c71-3ddd-438a-9586-50a246ad241b,76
True,0.242768,704.3915547143486,1.5575655174666327,1.294153124204504,1.0219286379220665,./data/GPR_VIGF1/batch_76/csv_runner-fa66a6da-6937-4419-85dc-f74365b9f82c,76
True,0.24116,704.3915547143486,1.5575655174666327,1.294153124204504,1.0219286379220665,./data/GPR_VIGF1/batch_76/csv_runner-91127522-f4bc-4418-9c5e-39eace27f39b,76
True,0.24185,704.3915547143486,1.5575655174666327,1.294153124204504,1.0219286379220665,./data/GPR_VIGF1/batch_76/csv_runner-b4d63f61-eeeb-4a6b-8959-bd61a62b8da2,76
True,0.254621,704.3915547143486,1.5575655174666327,1.294153124204504,1.0219286379220665,./data/GPR_VIGF1/batch_76/csv_runner-e8656caf-fff4-4c3d-9438-38b2819f962e,76
True,0.08609,772.2742010206698,2.755226726806836,1.3161012500574312,1.033877886871129,./data/GPR_VIGF1/batch_77/csv_runner-7dadf978-0a8a-4a69-abef-4442209fcc20,77
True,0.082232,772.2742010206698,2.755226726806836,1.3161012500574312,1.033877886871129,./data/GPR_VIGF1/batch_77/csv_runner-cedaac82-9e8c-4adc-8cd8-27622ee3e2f7,77
True,0.086758,772.2742010206698,2.755226726806836,1.3161012500574312,1.033877886871129,./data/GPR_VIGF1/batch_77/csv_runner-6e259c3e-378c-43ef-af24-9bc4a647b11c,77
True,0.084752,772.2742010206698,2.755226726806836,1.3161012500574312,1.033877886871129,./data/GPR_VIGF1/batch_77/csv_runner-df7fb765-6d32-4ab1-90a8-7a2d0cfa5e35,77
True,0.086591,772.2742010206698,2.755226726806836,1.3161012500574312,1.033877886871129,./data/GPR_VIGF1/batch_77/csv_runner-e163ea93-be33-4085-afbf-846a4f185920,77
True,0.014001,803.0079103500054,4.418051396614449,1.3015535786693628,1.0888000984915762,./data/GPR_VIGF1/batch_78/csv_runner-b4b5fe23-8a65-4dde-b2d1-619c38c1bc55,78
True,0.020376,803.0079103500054,4.418051396614449,1.3015535786693628,1.0888000984915762,./data/GPR_VIGF1/batch_78/csv_runner-6606c0ed-af12-4ed1-9dd8-93cfa17670e0,78
True,0.019416,803.0079103500054,4.418051396614449,1.3015535786693628,1.0888000984915762,./data/GPR_VIGF1/batch_78/csv_runner-15eaccb9-3465-4afd-8847-6a29a8123567,78
True,0.023056,803.0079103500054,4.418051396614449,1.3015535786693628,1.0888000984915762,./data/GPR_VIGF1/batch_78/csv_runner-2f421b06-7a8e-489c-ab64-cb976c99d3f4,78
True,0.020376,803.0079103500054,4.418051396614449,1.3015535786693628,1.0888000984915762,./data/GPR_VIGF1/batch_78/csv_runner-b82d593f-96b6-40f8-b893-281ca9696d02,78
True,0.012638,826.3433674346277,4.964984824323442,1.499710954612094,1.1615215818449487,./data/GPR_VIGF1/batch_79/csv_runner-0bcb97b5-9bb7-4e66-b880-c0f93077750d,79
True,0.011076,826.3433674346277,4.964984824323442,1.499710954612094,1.1615215818449487,./data/GPR_VIGF1/batch_79/csv_runner-26e22434-7d65-40b8-84a6-d15893153263,79
True,0.011662,826.3433674346277,4.964984824323442,1.499710954612094,1.1615215818449487,./data/GPR_VIGF1/batch_79/csv_runner-cfcab59b-a377-41dc-8443-464e7b51c913,79
True,0.008723,826.3433674346277,4.964984824323442,1.499710954612094,1.1615215818449487,./data/GPR_VIGF1/batch_79/csv_runner-a9f75bb3-94af-43cf-bb84-7fde6af30469,79
True,0.012443,826.3433674346277,4.964984824323442,1.499710954612094,1.1615215818449487,./data/GPR_VIGF1/batch_79/csv_runner-19a90a20-9ed6-4048-84f6-3088464b8e34,79
True,0.154549,708.3329990199401,2.014801001859958,1.3744103898335274,1.360972603689906,./data/GPR_VIGF1/batch_80/csv_runner-9f9d176f-e441-4ab6-8282-f6758ad6e3e9,80
True,0.149949,708.3329990199401,2.014801001859958,1.3744103898335274,1.360972603689906,./data/GPR_VIGF1/batch_80/csv_runner-dc75ee01-2080-40f0-b101-2263fe6106bf,80
True,0.155548,708.3329990199401,2.014801001859958,1.3744103898335274,1.360972603689906,./data/GPR_VIGF1/batch_80/csv_runner-77640a3d-b3be-4fed-8973-f8af35b3b71c,80
True,0.157256,708.3329990199401,2.014801001859958,1.3744103898335274,1.360972603689906,./data/GPR_VIGF1/batch_80/csv_runner-d70c60b0-a8b2-45b6-b73e-955a2a82a05d,80
True,0.150093,708.3329990199401,2.014801001859958,1.3744103898335274,1.360972603689906,./data/GPR_VIGF1/batch_80/csv_runner-5389df26-e073-4ee6-b8dd-52f4b51c48b3,80
True,0.162198,790.5305698501975,2.1262271399532837,1.2954577457407084,0.8159627097207883,./data/GPR_VIGF1/batch_81/csv_runner-fe7bb592-d362-422a-83f3-c63e51cf2cbd,81
True,0.165693,790.5305698501975,2.1262271399532837,1.2954577457407084,0.8159627097207883,./data/GPR_VIGF1/batch_81/csv_runner-c5420101-98c8-4e75-9247-e14483bd1f56,81
True,0.169711,790.5305698501975,2.1262271399532837,1.2954577457407084,0.8159627097207883,./data/GPR_VIGF1/batch_81/csv_runner-45605c6c-4a93-4534-9621-74e7f6afb0ba,81
True,0.170675,790.5305698501975,2.1262271399532837,1.2954577457407084,0.8159627097207883,./data/GPR_VIGF1/batch_81/csv_runner-1e7c7315-53e4-4fa9-a8d6-73fd402a6939,81
True,0.164578,790.5305698501975,2.1262271399532837,1.2954577457407084,0.8159627097207883,./data/GPR_VIGF1/batch_81/csv_runner-9c5e742d-e924-4ede-9d61-2dee70626384,81
True,0.07698,958.668836275838,3.3756618576048667,1.0887532912184836,1.0371989449267236,./data/GPR_VIGF1/batch_82/csv_runner-2b165a2f-c2ee-4e5e-b3d6-a6dff9176693,82
True,0.078341,958.668836275838,3.3756618576048667,1.0887532912184836,1.0371989449267236,./data/GPR_VIGF1/batch_82/csv_runner-fa3fb59b-cdfb-49fc-86bf-61e3b7fe0c74,82
True,0.07902,958.668836275838,3.3756618576048667,1.0887532912184836,1.0371989449267236,./data/GPR_VIGF1/batch_82/csv_runner-61b9acd5-33af-47c5-a67f-954c8d5c71ea,82
True,0.078171,958.668836275838,3.3756618576048667,1.0887532912184836,1.0371989449267236,./data/GPR_VIGF1/batch_82/csv_runner-8cf52708-020b-4649-b9d2-d051e069ea57,82
True,0.075444,958.668836275838,3.3756618576048667,1.0887532912184836,1.0371989449267236,./data/GPR_VIGF1/batch_82/csv_runner-b23d54dd-84e6-4bd1-a3e1-4111fdfdb00d,82
True,0.197689,869.2901932286914,1.9954739529719068,1.4450097285588477,1.2156813836199134,./data/GPR_VIGF1/batch_83/csv_runner-10068e67-9ea6-4102-8c30-a3b53399131b,83
True,0.210485,869.2901932286914,1.9954739529719068,1.4450097285588477,1.2156813836199134,./data/GPR_VIGF1/batch_83/csv_runner-ea7838af-544c-46ba-94bd-8bcea8f6fc8c,83
True,0.198204,869.2901932286914,1.9954739529719068,1.4450097285588477,1.2156813836199134,./data/GPR_VIGF1/batch_83/csv_runner-2d0ea70e-ae6a-4ea6-b65a-aac512a078c7,83
True,0.19859,869.2901932286914,1.9954739529719068,1.4450097285588477,1.2156813836199134,./data/GPR_VIGF1/batch_83/csv_runner-0a869aef-4ee6-4560-9a73-2578e4da51a0,83
True,0.208736,869.2901932286914,1.9954739529719068,1.4450097285588477,1.2156813836199134,./data/GPR_VIGF1/batch_83/csv_runner-970ffbeb-858f-4af6-8ac1-df7d707377d3,83
True,0.126027,976.1248579228416,2.7209353421799425,1.4766027624525946,0.9145038143970772,./data/GPR_VIGF1/batch_84/csv_runner-6a047088-7949-4e6a-abd8-d9b194e5e825,84
True,0.123422,976.1248579228416,2.7209353421799425,1.4766027624525946,0.9145038143970772,./data/GPR_VIGF1/batch_84/csv_runner-d78c84d2-d4f0-4adf-8d96-154ec4a3c406,84
True,0.127095,976.1248579228416,2.7209353421799425,1.4766027624525946,0.9145038143970772,./data/GPR_VIGF1/batch_84/csv_runner-377d5e56-5168-4d70-98fd-770a01aa410d,84
True,0.12618,976.1248579228416,2.7209353421799425,1.4766027624525946,0.9145038143970772,./data/GPR_VIGF1/batch_84/csv_runner-e7e71ea0-0b65-4b29-915c-fbd0d2c2d357,84
True,0.135994,976.1248579228416,2.7209353421799425,1.4766027624525946,0.9145038143970772,./data/GPR_VIGF1/batch_84/csv_runner-06b4a050-b50e-4084-8fe6-3375a247ce71,84
True,0.037906,570.1245444993053,3.037759031571817,1.054287870567722,1.270568065127868,./data/GPR_VIGF1/batch_85/csv_runner-062ce0d1-6d89-4f5a-9f96-13c1675ebcca,85
True,0.033443,570.1245444993053,3.037759031571817,1.054287870567722,1.270568065127868,./data/GPR_VIGF1/batch_85/csv_runner-c0030359-43ba-4902-8f6e-d4bbb1a77eaa,85
True,0.031946,570.1245444993053,3.037759031571817,1.054287870567722,1.270568065127868,./data/GPR_VIGF1/batch_85/csv_runner-eb21116e-a6b7-4886-950e-f6c1c0d1ed79,85
True,0.036423,570.1245444993053,3.037759031571817,1.054287870567722,1.270568065127868,./data/GPR_VIGF1/batch_85/csv_runner-942b90d6-4ff3-46dc-aa37-40e0f6b1964f,85
True,0.038646,570.1245444993053,3.037759031571817,1.054287870567722,1.270568065127868,./data/GPR_VIGF1/batch_85/csv_runner-7986b3d7-ecef-4165-beef-6e26453ac5fc,85
True,0.138822,877.6650863973723,2.508627720219409,1.2346634670952006,0.9054710816692682,./data/GPR_VIGF1/batch_86/csv_runner-d83a8e3f-6f2e-4d37-8b21-098cdd55f30f,86
True,0.144568,877.6650863973723,2.508627720219409,1.2346634670952006,0.9054710816692682,./data/GPR_VIGF1/batch_86/csv_runner-252f020c-89a8-45df-b4b8-fe48f873ed2e,86
True,0.139563,877.6650863973723,2.508627720219409,1.2346634670952006,0.9054710816692682,./data/GPR_VIGF1/batch_86/csv_runner-2ae974e1-5076-4dc3-9e66-707c84494744,86
True,0.144129,877.6650863973723,2.508627720219409,1.2346634670952006,0.9054710816692682,./data/GPR_VIGF1/batch_86/csv_runner-d89e8251-6eda-4765-9870-916a514eeeb2,86
True,0.140303,877.6650863973723,2.508627720219409,1.2346634670952006,0.9054710816692682,./data/GPR_VIGF1/batch_86/csv_runner-a71fd449-4998-4687-a7bd-3fae88f1f386,86
True,0.207104,829.9978594005756,1.9309132370068842,1.473767799832996,1.0564348419895755,./data/GPR_VIGF1/batch_87/csv_runner-25ede43f-7e03-4cc5-8848-d56508c41041,87
True,0.200128,829.9978594005756,1.9309132370068842,1.473767799832996,1.0564348419895755,./data/GPR_VIGF1/batch_87/csv_runner-81686f44-babe-4790-8504-28dc252a9679,87
True,0.201915,829.9978594005756,1.9309132370068842,1.473767799832996,1.0564348419895755,./data/GPR_VIGF1/batch_87/csv_runner-b4c7a73d-f58c-436c-90bf-5f448ff63638,87
True,0.204835,829.9978594005756,1.9309132370068842,1.473767799832996,1.0564348419895755,./data/GPR_VIGF1/batch_87/csv_runner-1a3560f9-a6ac-46b3-b011-f35615817410,87
True,0.208861,829.9978594005756,1.9309132370068842,1.473767799832996,1.0564348419895755,./data/GPR_VIGF1/batch_87/csv_runner-a6a38cbb-7c77-4daf-8919-6dcb98ec1b8e,87
True,0.02648,802.9625888238638,4.126519967781428,1.1192764103136943,1.3945861900461511,./data/GPR_VIGF1/batch_88/csv_runner-7e13ab30-a7fa-4521-a1ad-1d9ecda45a67,88
True,0.026101,802.9625888238638,4.126519967781428,1.1192764103136943,1.3945861900461511,./data/GPR_VIGF1/batch_88/csv_runner-b9c10259-0db3-4104-9793-5fcc04f4155f,88
True,0.021909,802.9625888238638,4.126519967781428,1.1192764103136943,1.3945861900461511,./data/GPR_VIGF1/batch_88/csv_runner-2d4cf526-1a69-4987-b444-acca370fef19,88
True,0.025721,802.9625888238638,4.126519967781428,1.1192764103136943,1.3945861900461511,./data/GPR_VIGF1/batch_88/csv_runner-d6511ae6-1161-4cd9-965f-521e76d08c7c,88
True,0.026101,802.9625888238638,4.126519967781428,1.1192764103136943,1.3945861900461511,./data/GPR_VIGF1/batch_88/csv_runner-10b72a72-ba41-4ffe-86b5-6d2e5ae2e72a,88
True,0.113946,863.0900641919505,2.6288374926815936,1.3299756505646394,1.2197867497011932,./data/GPR_VIGF1/batch_89/csv_runner-183b5cf0-62c1-4bac-a48e-3dbbbf893a00,89
True,0.125109,863.0900641919505,2.6288374926815936,1.3299756505646394,1.2197867497011932,./data/GPR_VIGF1/batch_89/csv_runner-b1136ca5-d018-41c7-833c-a47b31621ecb,89
True,0.109369,863.0900641919505,2.6288374926815936,1.3299756505646394,1.2197867497011932,./data/GPR_VIGF1/batch_89/csv_runner-7cd7fd7f-ec8e-4abe-9abc-17648718d289,89
True,0.11692,863.0900641919505,2.6288374926815936,1.3299756505646394,1.2197867497011932,./data/GPR_VIGF1/batch_89/csv_runner-ea7eaf24-fb0c-46dc-a4c8-7badea8a3c4a,89
True,0.120493,863.0900641919505,2.6288374926815936,1.3299756505646394,1.2197867497011932,./data/GPR_VIGF1/batch_89/csv_runner-e4d62aad-531b-48fa-a332-367cda3e5a43,89
True,0.013028,577.1447460337739,3.605415394266801,1.3723810779539083,1.477256812703947,./data/GPR_VIGF1/batch_90/csv_runner-79d3267d-28a0-4f10-a5cd-35b6df322c90,90
True,0.013807,577.1447460337739,3.605415394266801,1.3723810779539083,1.477256812703947,./data/GPR_VIGF1/batch_90/csv_runner-3ef07f85-4908-41ce-a01e-f7648ed4abdc,90
True,0.014196,577.1447460337739,3.605415394266801,1.3723810779539083,1.477256812703947,./data/GPR_VIGF1/batch_90/csv_runner-6d56028f-a6b7-429a-949e-ab66f455b120,90
True,0.01826,577.1447460337739,3.605415394266801,1.3723810779539083,1.477256812703947,./data/GPR_VIGF1/batch_90/csv_runner-5f7cd0ec-0996-4312-a343-cd4798f75f9b,90
True,0.016135,577.1447460337739,3.605415394266801,1.3723810779539083,1.477256812703947,./data/GPR_VIGF1/batch_90/csv_runner-e4c423d6-ea15-4a4a-ac63-d098313b2567,90
True,0.06068,729.4578877691699,3.1024612621927328,1.0698984990638287,0.8801710514751815,./data/GPR_VIGF1/batch_91/csv_runner-0c3c7ec5-2405-40d8-bbd9-7f32fa393473,91
True,0.061738,729.4578877691699,3.1024612621927328,1.0698984990638287,0.8801710514751815,./data/GPR_VIGF1/batch_91/csv_runner-f0cca198-f451-4c3d-9790-e0da615ff0b5,91
True,0.069075,729.4578877691699,3.1024612621927328,1.0698984990638287,0.8801710514751815,./data/GPR_VIGF1/batch_91/csv_runner-c8f48e6c-8cb4-4964-8a76-2d505a619ddc,91
True,0.05696,729.4578877691699,3.1024612621927328,1.0698984990638287,0.8801710514751815,./data/GPR_VIGF1/batch_91/csv_runner-0b445494-fbeb-4522-a342-a2b2ebf1a3ee,91
True,0.061738,729.4578877691699,3.1024612621927328,1.0698984990638287,0.8801710514751815,./data/GPR_VIGF1/batch_91/csv_runner-aabd1563-4ee7-455c-ae66-19266d42ac8a,91
True,0.073903,719.1931292920965,2.695532157781593,1.4973508744675124,1.272218233885317,./data/GPR_VIGF1/batch_92/csv_runner-1c486fd4-222a-4c86-b122-94eab24f898b,92
True,0.080037,719.1931292920965,2.695532157781593,1.4973508744675124,1.272218233885317,./data/GPR_VIGF1/batch_92/csv_runner-3ba43355-5bcf-4ab8-a681-b5881d3f68cf,92
True,0.077491,719.1931292920965,2.695532157781593,1.4973508744675124,1.272218233885317,./data/GPR_VIGF1/batch_92/csv_runner-58b8ed39-3bf7-4039-9bdd-2a254d1fff93,92
True,0.082737,719.1931292920965,2.695532157781593,1.4973508744675124,1.272218233885317,./data/GPR_VIGF1/batch_92/csv_runner-d844273e-ccea-4546-b592-75c638fd3676,92
True,0.078681,719.1931292920965,2.695532157781593,1.4973508744675124,1.272218233885317,./data/GPR_VIGF1/batch_92/csv_runner-a9c61d14-c620-4ec8-9ff4-afb75664aebf,92
True,0.205214,992.3247668088218,2.1907587460124773,1.4065796729100564,1.0228793824799218,./data/GPR_VIGF1/batch_93/csv_runner-3b2fd55c-5aaf-49b8-b611-a4230676015c,93
True,0.194588,992.3247668088218,2.1907587460124773,1.4065796729100564,1.0228793824799218,./data/GPR_VIGF1/batch_93/csv_runner-cabb0961-942b-4b9e-b609-9e35b5f7bad0,93
True,0.206601,992.3247668088218,2.1907587460124773,1.4065796729100564,1.0228793824799218,./data/GPR_VIGF1/batch_93/csv_runner-e913b2ec-b2d3-4e12-a960-6335d7df70e0,93
True,0.210111,992.3247668088218,2.1907587460124773,1.4065796729100564,1.0228793824799218,./data/GPR_VIGF1/batch_93/csv_runner-38ae4682-0121-4eff-ae9a-a3b32c103758,93
True,0.197174,992.3247668088218,2.1907587460124773,1.4065796729100564,1.0228793824799218,./data/GPR_VIGF1/batch_93/csv_runner-ce88f452-77cb-431c-800f-4e3cdb6168cc,93
True,0.135247,979.2796066207228,2.722135122548761,1.3913676136251432,0.8579109999457071,./data/GPR_VIGF1/batch_94/csv_runner-4c472ee1-0461-4a38-93e7-607ceece7edc,94
True,0.130435,979.2796066207228,2.722135122548761,1.3913676136251432,0.8579109999457071,./data/GPR_VIGF1/batch_94/csv_runner-dc0e3f93-f130-4c97-9824-62c465d35c09,94
True,0.130284,979.2796066207228,2.722135122548761,1.3913676136251432,0.8579109999457071,./data/GPR_VIGF1/batch_94/csv_runner-019c3e5c-f411-4ce2-90d2-59cb8b4efa05,94
True,0.133749,979.2796066207228,2.722135122548761,1.3913676136251432,0.8579109999457071,./data/GPR_VIGF1/batch_94/csv_runner-f6466f60-1347-4c1e-b02e-b70e2f1ba5bf,94
True,0.132697,979.2796066207228,2.722135122548761,1.3913676136251432,0.8579109999457071,./data/GPR_VIGF1/batch_94/csv_runner-86fc8498-eb21-4041-8a1a-e955e0f78b73,94
True,0.047438,989.1022153822806,3.87796271343063,1.382333614281,1.3338130643738486,./data/GPR_VIGF1/batch_95/csv_runner-3f1590ea-14fc-4940-84a0-ad72731bf62e,95
True,0.048706,989.1022153822806,3.87796271343063,1.382333614281,1.3338130643738486,./data/GPR_VIGF1/batch_95/csv_runner-878a0a76-c8f9-4dab-895b-433077a35c08,95
True,0.04943,989.1022153822806,3.87796271343063,1.382333614281,1.3338130643738486,./data/GPR_VIGF1/batch_95/csv_runner-cd819ac2-18eb-4d52-8aae-f29da0b0d723,95
True,0.048525,989.1022153822806,3.87796271343063,1.382333614281,1.3338130643738486,./data/GPR_VIGF1/batch_95/csv_runner-966cd787-5393-4c58-8015-a92cd26f5da7,95
True,0.047619,989.1022153822806,3.87796271343063,1.382333614281,1.3338130643738486,./data/GPR_VIGF1/batch_95/csv_runner-0c339d5a-fbb1-4c4d-af3d-90969cb3afc4,95
